-- phpMyAdmin SQL Dump
-- version 5.1.0
-- https://www.phpmyadmin.net/
--
-- Host: 127.0.0.1
-- Generation Time: אוקטובר 02, 2021 בזמן 01:57 PM
-- גרסת שרת: 10.4.19-MariaDB
-- PHP Version: 8.0.6

SET SQL_MODE = "NO_AUTO_VALUE_ON_ZERO";
START TRANSACTION;
SET time_zone = "+00:00";


/*!40101 SET @OLD_CHARACTER_SET_CLIENT=@@CHARACTER_SET_CLIENT */;
/*!40101 SET @OLD_CHARACTER_SET_RESULTS=@@CHARACTER_SET_RESULTS */;
/*!40101 SET @OLD_COLLATION_CONNECTION=@@COLLATION_CONNECTION */;
/*!40101 SET NAMES utf8mb4 */;

--
-- Database: `test`
--

-- --------------------------------------------------------

--
-- מבנה טבלה עבור טבלה `aa`
--

CREATE TABLE `aa` (
  `time` datetime NOT NULL DEFAULT current_timestamp(),
  `tempT` varchar(5) NOT NULL,
  `ph` varchar(5) NOT NULL,
  `level` varchar(5) NOT NULL
) ENGINE=InnoDB DEFAULT CHARSET=utf8;

--
-- הוצאת מידע עבור טבלה `aa`
--

INSERT INTO `aa` (`time`, `tempT`, `ph`, `level`) VALUES
('2020-10-27 15:10:09', '23', '7.5', '500'),
('2020-10-27 15:10:31', '23', '7.4', '510'),
('2020-10-27 15:10:48', '24', '7.3', '500'),
('2020-11-09 14:08:43', '24', '7.5', '500'),
('2020-11-09 14:08:55', '25', '7.4', '505'),
('2020-11-09 14:09:07', '26', '7.3', '510'),
('2020-11-09 14:09:11', '26', '7.3', '510'),
('2020-11-09 14:09:20', '25', '7.4', '505'),
('2020-11-09 14:10:36', '24', '7.5', '510'),
('2020-11-09 14:10:54', '25', '7.4', '505'),
('2020-11-09 14:11:12', '26', '7.3', '500'),
('2020-11-09 14:11:27', '27', '7.2', '490'),
('2020-11-09 14:11:51', '26', '7.1', '500');

-- --------------------------------------------------------

--
-- מבנה טבלה עבור טבלה `alex`
--

CREATE TABLE `alex` (
  `time` datetime NOT NULL DEFAULT current_timestamp(),
  `Temp` varchar(5) NOT NULL,
  `ph` varchar(5) NOT NULL,
  `level` varchar(5) NOT NULL
) ENGINE=InnoDB DEFAULT CHARSET=utf8;

--
-- הוצאת מידע עבור טבלה `alex`
--

INSERT INTO `alex` (`time`, `Temp`, `ph`, `level`) VALUES
('2020-10-27 15:10:09', '23', '7.5', '500'),
('2020-10-27 15:10:31', '23', '7.4', '510'),
('2020-10-27 15:10:48', '24', '7.3', '500'),
('2020-11-09 14:08:43', '24', '7.5', '500'),
('2020-11-09 14:08:55', '25', '7.4', '505'),
('2020-11-09 14:09:07', '26', '7.3', '510'),
('2020-11-09 14:09:11', '26', '7.3', '510'),
('2020-11-09 14:09:20', '25', '7.4', '505'),
('2020-11-09 14:10:36', '24', '7.5', '510'),
('2020-11-09 14:10:54', '25', '7.4', '505'),
('2020-11-09 14:11:12', '26', '7.3', '500'),
('2020-11-09 14:11:27', '27', '7.2', '490'),
('2020-11-09 14:11:51', '26', '7.1', '500'),
('2021-08-28 15:21:20', '24', '7.55', '526'),
('2021-08-28 15:22:12', '25', '6.78', '530'),
('2021-08-28 15:23:02', '26', '6.40', '544');

-- --------------------------------------------------------

--
-- מבנה טבלה עבור טבלה `aqua`
--

CREATE TABLE `aqua` (
  `time` datetime NOT NULL DEFAULT current_timestamp(),
  `Temp` varchar(5) NOT NULL,
  `ph` varchar(5) NOT NULL,
  `level` varchar(5) NOT NULL
) ENGINE=InnoDB DEFAULT CHARSET=latin1;

--
-- הוצאת מידע עבור טבלה `aqua`
--

INSERT INTO `aqua` (`time`, `Temp`, `ph`, `level`) VALUES
('2021-09-13 09:40:18', '26', '7.53', '533'),
('2021-09-13 09:40:48', '25', '6.64', '524'),
('2021-09-13 09:41:22', '25', '7.65', '533'),
('2021-09-13 09:41:46', '23', '6.07', '542'),
('2021-09-13 09:42:38', '25', '7.56', '504'),
('2021-09-13 09:43:26', '24', '6.78', '545'),
('2021-09-13 09:44:06', '25', '6.39', '509'),
('2021-09-13 09:44:57', '23', '7.52', '508'),
('2021-09-13 09:45:48', '26', '5.83', '503'),
('2021-09-13 09:46:39', '24', '5.12', '523'),
('2021-09-13 09:47:30', '25', '5.15', '535'),
('2021-09-13 09:48:21', '24', '6.29', '526'),
('2021-09-13 09:49:12', '25', '5.30', '542'),
('2021-09-13 09:50:03', '24', '5.42', '511'),
('2021-09-13 09:50:54', '23', '6.49', '540'),
('2021-09-13 09:51:45', '25', '7.66', '540'),
('2021-09-13 09:52:36', '25', '6.57', '520'),
('2021-09-13 09:53:27', '24', '7.86', '536'),
('2021-09-13 09:54:18', '23', '6.52', '531'),
('2021-09-13 09:55:09', '25', '5.62', '539'),
('2021-09-13 09:56:01', '26', '7.79', '507'),
('2021-09-13 09:56:52', '26', '7.33', '527'),
('2021-09-13 09:57:43', '25', '5.09', '540'),
('2021-09-13 09:58:34', '23', '7.06', '519'),
('2021-09-13 09:59:25', '24', '6.26', '513'),
('2021-09-13 10:00:16', '26', '7.43', '539'),
('2021-09-13 10:01:07', '26', '5.20', '514'),
('2021-09-13 10:01:58', '25', '7.42', '533'),
('2021-09-13 10:02:49', '23', '5.24', '527'),
('2021-09-13 10:03:40', '24', '5.04', '505'),
('2021-09-13 10:04:31', '25', '5.21', '522'),
('2021-09-13 10:05:22', '26', '7.94', '513'),
('2021-09-13 10:06:13', '24', '6.20', '515'),
('2021-09-13 10:07:04', '25', '7.64', '537'),
('2021-09-13 10:08:02', '26', '7.29', '522'),
('2021-09-13 10:08:30', '26', '7.64', '503'),
('2021-09-13 10:09:21', '26', '6.76', '542'),
('2021-09-13 10:10:12', '24', '7.08', '523'),
('2021-09-13 10:11:03', '25', '5.70', '506'),
('2021-09-13 10:11:54', '24', '7.29', '508'),
('2021-09-13 10:12:45', '24', '5.89', '539'),
('2021-09-13 10:13:36', '23', '7.55', '516'),
('2021-09-13 10:14:27', '26', '7.84', '549'),
('2021-09-13 10:15:18', '23', '6.36', '543'),
('2021-09-13 10:16:41', '26', '7.78', '524'),
('2021-09-13 10:17:25', '26', '7.20', '530'),
('2021-09-13 10:18:17', '25', '5.68', '547'),
('2021-09-13 10:19:08', '26', '5.22', '507'),
('2021-09-13 10:20:40', '23', '5.38', '531'),
('2021-09-13 10:21:31', '24', '6.08', '538'),
('2021-09-13 10:22:21', '23', '6.44', '520'),
('2021-09-13 10:22:45', '23', '6.07', '540'),
('2021-09-13 10:23:36', '26', '6.10', '548'),
('2021-09-13 10:24:27', '23', '7.48', '549'),
('2021-09-13 10:25:21', '24', '7.68', '542'),
('2021-09-13 10:26:12', '23', '7.53', '544'),
('2021-09-13 10:27:03', '24', '6.57', '532'),
('2021-09-13 10:27:44', '23', '5.53', '549'),
('2021-09-13 10:28:05', '26', '7.04', '544'),
('2021-09-13 10:28:56', '24', '7.43', '500'),
('2021-09-13 10:29:47', '24', '7.44', '542'),
('2021-09-13 10:30:41', '25', '7.56', '544'),
('2021-09-13 10:31:32', '25', '5.73', '538'),
('2021-09-13 10:32:42', '26', '7.94', '511'),
('2021-09-13 10:34:55', '23', '6.24', '526'),
('2021-09-13 10:36:21', '26', '6.57', '509');

-- --------------------------------------------------------

--
-- מבנה טבלה עבור טבלה `ar`
--

CREATE TABLE `ar` (
  `time` datetime NOT NULL DEFAULT current_timestamp(),
  `Temp` varchar(5) NOT NULL,
  `ph` varchar(5) NOT NULL,
  `level` varchar(5) NOT NULL
) ENGINE=InnoDB DEFAULT CHARSET=latin1;

--
-- הוצאת מידע עבור טבלה `ar`
--

INSERT INTO `ar` (`time`, `Temp`, `ph`, `level`) VALUES
('2021-06-04 17:33:43', '26', '0.7', '500'),
('2021-06-04 17:36:42', '26', '0.7', '500'),
('2021-06-04 17:36:49', '26', '0.7', '500'),
('2021-06-04 17:37:02', '26', '0.7', '500'),
('2021-06-04 17:37:11', '26', '0.7', '500'),
('2021-06-04 17:37:20', '26', '0.7', '500'),
('2021-06-04 17:42:50', '26', '0.7', '500'),
('2021-06-04 17:43:03', '26', '0.7', '500'),
('2021-06-04 17:43:12', '26', '0.7', '500'),
('2021-06-04 17:43:20', '26', '0.7', '500'),
('2021-06-04 17:43:29', '26', '0.7', '500'),
('2021-06-04 17:43:32', '26', '0.7', '500'),
('2021-06-04 17:43:34', '26', '0.7', '500'),
('2021-06-04 17:43:37', '26', '0.7', '500'),
('2021-06-04 17:43:40', '26', '0.7', '500'),
('2021-06-04 17:43:42', '26', '0.7', '500'),
('2021-06-04 17:43:45', '26', '0.7', '500'),
('2021-06-04 17:43:48', '26', '0.7', '500'),
('2021-06-04 17:43:50', '26', '0.7', '500'),
('2021-06-04 17:43:53', '26', '0.7', '500'),
('2021-06-04 17:43:55', '26', '0.7', '500'),
('2021-06-04 17:43:58', '26', '0.7', '500'),
('2021-06-04 17:44:00', '26', '0.7', '500'),
('2021-06-04 17:44:03', '26', '0.7', '500'),
('2021-06-04 17:44:06', '26', '0.7', '500'),
('2021-06-04 17:44:09', '26', '0.7', '500'),
('2021-06-04 17:44:11', '26', '0.7', '500'),
('2021-06-04 17:44:14', '26', '0.7', '500'),
('2021-06-04 17:44:17', '26', '0.7', '500'),
('2021-06-04 17:44:19', '26', '0.7', '500'),
('2021-06-04 17:44:22', '26', '0.7', '500'),
('2021-06-04 17:44:24', '26', '0.7', '500'),
('2021-06-04 17:44:33', '26', '0.7', '500'),
('2021-06-04 17:44:42', '26', '0.7', '500'),
('2021-06-04 17:44:50', '26', '0.7', '500'),
('2021-06-04 17:44:59', '26', '0.7', '500'),
('2021-06-04 17:45:08', '26', '0.7', '500'),
('2021-06-04 17:45:16', '26', '0.7', '500'),
('2021-06-04 17:45:25', '26', '0.7', '500'),
('2021-06-04 17:45:34', '26', '0.7', '500'),
('2021-06-04 17:45:43', '26', '0.7', '500'),
('2021-06-04 17:45:51', '26', '0.7', '500'),
('2021-06-04 17:46:00', '26', '0.7', '500'),
('2021-06-04 17:46:09', '26', '0.7', '500'),
('2021-06-04 17:46:18', '26', '0.7', '500'),
('2021-06-04 17:46:26', '26', '0.7', '500'),
('2021-06-04 17:46:35', '26', '0.7', '500'),
('2021-06-04 17:46:44', '26', '0.7', '500'),
('2021-06-04 17:46:52', '26', '0.7', '500'),
('2021-06-04 17:47:01', '26', '0.7', '500'),
('2021-06-04 17:47:09', '26', '0.7', '500'),
('2021-06-04 17:47:12', '26', '0.7', '500'),
('2021-06-04 17:47:21', '26', '0.7', '500'),
('2021-06-04 17:47:29', '26', '0.7', '500'),
('2021-06-04 17:47:38', '26', '0.7', '500'),
('2021-06-04 17:47:47', '26', '0.7', '500'),
('2021-06-04 17:47:55', '26', '0.7', '500'),
('2021-06-04 17:48:04', '26', '0.7', '500'),
('2021-06-04 17:48:13', '26', '0.7', '500'),
('2021-06-04 17:48:21', '26', '0.7', '500'),
('2021-06-04 17:48:30', '26', '0.7', '500'),
('2021-06-04 17:48:39', '26', '0.7', '500'),
('2021-06-04 17:48:47', '26', '0.7', '500'),
('2021-06-04 17:48:57', '26', '0.7', '500'),
('2021-06-04 17:49:05', '26', '0.7', '500'),
('2021-06-04 17:49:15', '26', '0.7', '500'),
('2021-06-04 17:49:23', '26', '0.7', '500'),
('2021-06-04 17:49:32', '26', '0.7', '500'),
('2021-06-04 17:49:41', '26', '0.7', '500'),
('2021-06-04 17:49:49', '26', '0.7', '500'),
('2021-06-04 17:49:58', '26', '0.7', '500'),
('2021-06-04 17:50:07', '26', '0.7', '500'),
('2021-06-04 17:50:15', '26', '0.7', '500'),
('2021-06-04 17:50:18', '26', '0.7', '500'),
('2021-06-04 17:50:27', '26', '0.7', '500'),
('2021-06-04 17:50:36', '26', '0.7', '500'),
('2021-06-04 17:50:44', '26', '0.7', '500'),
('2021-06-04 17:50:47', '26', '0.7', '500'),
('2021-06-04 17:50:56', '26', '0.7', '500'),
('2021-06-04 17:51:04', '26', '0.7', '500'),
('2021-06-04 17:51:13', '26', '0.7', '500'),
('2021-06-04 17:51:15', '26', '0.7', '500'),
('2021-06-04 17:51:18', '26', '0.7', '500'),
('2021-06-04 17:51:27', '26', '0.7', '500'),
('2021-06-04 17:51:35', '26', '0.7', '500'),
('2021-06-04 17:51:44', '26', '0.7', '500'),
('2021-06-04 17:51:53', '26', '0.7', '500'),
('2021-06-04 17:52:01', '26', '0.7', '500'),
('2021-06-04 17:52:10', '26', '0.7', '500'),
('2021-06-04 17:52:12', '26', '0.7', '500'),
('2021-06-04 17:52:21', '26', '0.7', '500'),
('2021-06-04 17:52:30', '26', '0.7', '500'),
('2021-06-04 17:52:38', '26', '0.7', '500'),
('2021-06-04 17:52:47', '26', '0.7', '500'),
('2021-06-04 17:52:56', '26', '0.7', '500'),
('2021-06-04 17:53:04', '26', '0.7', '500'),
('2021-06-04 17:53:07', '26', '0.7', '500'),
('2021-06-04 17:53:10', '26', '0.7', '500'),
('2021-06-04 17:53:12', '26', '0.7', '500'),
('2021-06-04 17:53:15', '26', '0.7', '500'),
('2021-06-04 17:53:17', '26', '0.7', '500'),
('2021-06-04 17:53:20', '26', '0.7', '500'),
('2021-06-04 17:53:23', '26', '0.7', '500'),
('2021-06-04 17:53:25', '26', '0.7', '500'),
('2021-06-04 17:53:28', '26', '0.7', '500'),
('2021-06-04 17:53:37', '26', '0.7', '500'),
('2021-06-04 17:53:45', '26', '0.7', '500'),
('2021-06-04 17:53:54', '26', '0.7', '500'),
('2021-06-04 17:53:57', '26', '0.7', '500'),
('2021-06-04 17:53:59', '26', '0.7', '500'),
('2021-06-04 17:54:02', '26', '0.7', '500'),
('2021-06-04 17:54:04', '26', '0.7', '500'),
('2021-06-04 17:54:07', '26', '0.7', '500'),
('2021-06-04 17:54:10', '26', '0.7', '500'),
('2021-06-04 17:54:18', '26', '0.7', '500'),
('2021-06-04 17:54:27', '26', '0.7', '500'),
('2021-06-04 17:54:35', '26', '0.7', '500'),
('2021-06-04 17:54:38', '26', '0.7', '500'),
('2021-06-04 17:54:47', '26', '0.7', '500'),
('2021-06-04 17:54:55', '26', '0.7', '500'),
('2021-06-04 17:55:04', '26', '0.7', '500'),
('2021-06-04 17:55:07', '26', '0.7', '500'),
('2021-06-04 17:55:10', '26', '0.7', '500'),
('2021-06-04 17:55:12', '26', '0.7', '500'),
('2021-06-04 17:55:15', '26', '0.7', '500'),
('2021-06-04 17:55:18', '26', '0.7', '500'),
('2021-06-04 17:55:20', '26', '0.7', '500'),
('2021-06-04 17:55:31', '26', '0.7', '500'),
('2021-06-04 17:55:39', '26', '0.7', '500'),
('2021-06-04 17:56:05', '26', '0.7', '500'),
('2021-06-04 17:56:13', '26', '0.7', '500'),
('2021-06-04 17:56:22', '26', '0.7', '500'),
('2021-06-04 17:56:31', '26', '0.7', '500'),
('2021-06-04 17:56:39', '26', '0.7', '500'),
('2021-06-04 17:56:48', '26', '0.7', '500'),
('2021-06-04 17:56:57', '26', '0.7', '500'),
('2021-06-04 17:57:05', '26', '0.7', '500'),
('2021-06-04 17:57:14', '26', '0.7', '500'),
('2021-06-04 17:57:23', '26', '0.7', '500'),
('2021-06-04 17:57:25', '26', '0.7', '500'),
('2021-06-04 17:57:34', '26', '0.7', '500'),
('2021-06-04 17:57:37', '26', '0.7', '500'),
('2021-06-04 17:57:39', '26', '0.7', '500'),
('2021-06-04 17:57:43', '26', '0.7', '500'),
('2021-06-04 17:57:46', '26', '0.7', '500'),
('2021-06-04 17:57:48', '26', '0.7', '500'),
('2021-06-04 17:57:51', '26', '0.7', '500'),
('2021-06-04 17:57:54', '26', '0.7', '500'),
('2021-06-04 17:57:56', '26', '0.7', '500'),
('2021-06-04 17:57:59', '26', '0.7', '500'),
('2021-06-04 17:58:02', '26', '0.7', '500'),
('2021-06-04 17:58:04', '26', '0.7', '500'),
('2021-06-04 17:58:07', '26', '0.7', '500'),
('2021-06-04 17:58:09', '26', '0.7', '500'),
('2021-06-04 17:58:12', '26', '0.7', '500'),
('2021-06-04 17:58:14', '26', '0.7', '500'),
('2021-06-04 17:58:17', '26', '0.7', '500'),
('2021-06-04 17:58:20', '26', '0.7', '500'),
('2021-06-04 17:58:22', '26', '0.7', '500'),
('2021-06-04 17:58:25', '26', '0.7', '500'),
('2021-06-04 17:58:27', '26', '0.7', '500'),
('2021-06-04 17:58:30', '26', '0.7', '500'),
('2021-06-04 17:58:33', '26', '0.7', '500'),
('2021-06-04 17:58:35', '26', '0.7', '500'),
('2021-06-04 17:58:38', '26', '0.7', '500'),
('2021-06-04 17:58:40', '26', '0.7', '500'),
('2021-06-04 17:58:43', '26', '0.7', '500'),
('2021-06-04 17:58:46', '26', '0.7', '500'),
('2021-06-04 17:58:49', '26', '0.7', '500'),
('2021-06-04 17:58:51', '26', '0.7', '500'),
('2021-06-04 17:58:54', '26', '0.7', '500'),
('2021-06-04 17:58:56', '26', '0.7', '500'),
('2021-06-04 17:58:59', '26', '0.7', '500'),
('2021-06-04 17:59:02', '26', '0.7', '500'),
('2021-06-04 17:59:04', '26', '0.7', '500'),
('2021-06-04 17:59:07', '26', '0.7', '500'),
('2021-06-04 17:59:09', '26', '0.7', '500'),
('2021-06-04 17:59:12', '26', '0.7', '500'),
('2021-06-04 17:59:15', '26', '0.7', '500'),
('2021-06-04 17:59:17', '26', '0.7', '500'),
('2021-06-04 17:59:20', '26', '0.7', '500'),
('2021-06-04 17:59:22', '26', '0.7', '500'),
('2021-06-04 17:59:25', '26', '0.7', '500'),
('2021-06-04 17:59:28', '26', '0.7', '500'),
('2021-06-04 17:59:30', '26', '0.7', '500'),
('2021-06-04 17:59:33', '26', '0.7', '500'),
('2021-06-04 17:59:36', '26', '0.7', '500'),
('2021-06-04 17:59:38', '26', '0.7', '500'),
('2021-06-04 17:59:41', '26', '0.7', '500'),
('2021-06-04 17:59:43', '26', '0.7', '500'),
('2021-06-04 17:59:46', '26', '0.7', '500'),
('2021-06-04 17:59:49', '26', '0.7', '500'),
('2021-06-04 17:59:51', '26', '0.7', '500'),
('2021-06-04 17:59:55', '26', '0.7', '500'),
('2021-06-04 17:59:57', '26', '0.7', '500'),
('2021-06-04 18:00:00', '26', '0.7', '500'),
('2021-06-04 18:00:02', '26', '0.7', '500'),
('2021-06-04 18:00:05', '26', '0.7', '500'),
('2021-06-04 18:00:08', '26', '0.7', '500'),
('2021-06-04 18:00:10', '26', '0.7', '500'),
('2021-06-04 18:00:13', '26', '0.7', '500'),
('2021-06-04 18:00:16', '26', '0.7', '500'),
('2021-06-04 18:00:18', '26', '0.7', '500'),
('2021-06-04 18:00:21', '26', '0.7', '500'),
('2021-06-04 18:00:23', '26', '0.7', '500'),
('2021-06-04 18:00:26', '26', '0.7', '500'),
('2021-06-04 18:00:29', '26', '0.7', '500'),
('2021-06-04 18:00:31', '26', '0.7', '500'),
('2021-06-04 18:00:34', '26', '0.7', '500'),
('2021-06-04 18:00:36', '26', '0.7', '500'),
('2021-06-04 18:00:39', '26', '0.7', '500'),
('2021-06-04 18:00:42', '26', '0.7', '500'),
('2021-06-04 18:00:44', '26', '0.7', '500'),
('2021-06-04 18:00:47', '26', '0.7', '500'),
('2021-06-04 18:00:50', '26', '0.7', '500'),
('2021-06-04 18:00:52', '26', '0.7', '500'),
('2021-06-04 18:00:55', '26', '0.7', '500'),
('2021-06-04 18:00:57', '26', '0.7', '500'),
('2021-06-04 18:01:00', '26', '0.7', '500'),
('2021-06-04 18:01:02', '26', '0.7', '500'),
('2021-06-04 18:01:05', '26', '0.7', '500'),
('2021-06-04 18:01:08', '26', '0.7', '500'),
('2021-06-04 18:01:10', '26', '0.7', '500'),
('2021-06-04 18:01:13', '26', '0.7', '500'),
('2021-06-04 18:01:15', '26', '0.7', '500'),
('2021-06-04 18:01:18', '26', '0.7', '500'),
('2021-06-04 18:01:21', '26', '0.7', '500'),
('2021-06-04 18:01:23', '26', '0.7', '500'),
('2021-06-04 18:01:26', '26', '0.7', '500'),
('2021-06-04 18:01:28', '26', '0.7', '500'),
('2021-06-04 18:01:31', '26', '0.7', '500'),
('2021-06-04 18:01:34', '26', '0.7', '500'),
('2021-06-04 18:01:36', '26', '0.7', '500'),
('2021-06-04 18:01:39', '26', '0.7', '500'),
('2021-06-04 18:01:42', '26', '0.7', '500'),
('2021-06-04 18:01:44', '26', '0.7', '500'),
('2021-06-04 18:01:47', '26', '0.7', '500'),
('2021-06-04 18:01:49', '26', '0.7', '500'),
('2021-06-04 18:01:52', '26', '0.7', '500'),
('2021-06-04 18:01:54', '26', '0.7', '500'),
('2021-06-04 18:01:57', '26', '0.7', '500'),
('2021-06-04 18:02:00', '26', '0.7', '500'),
('2021-06-04 18:02:02', '26', '0.7', '500'),
('2021-06-04 18:02:05', '26', '0.7', '500'),
('2021-06-04 18:02:07', '26', '0.7', '500'),
('2021-06-04 18:02:10', '26', '0.7', '500'),
('2021-06-04 18:02:12', '26', '0.7', '500'),
('2021-06-04 18:02:15', '26', '0.7', '500'),
('2021-06-04 18:02:18', '26', '0.7', '500'),
('2021-06-04 18:02:20', '26', '0.7', '500'),
('2021-06-04 18:02:23', '26', '0.7', '500'),
('2021-06-04 18:02:26', '26', '0.7', '500'),
('2021-06-04 18:02:28', '26', '0.7', '500'),
('2021-06-04 18:02:31', '26', '0.7', '500'),
('2021-06-04 18:02:33', '26', '0.7', '500'),
('2021-06-04 18:02:36', '26', '0.7', '500'),
('2021-06-04 18:02:39', '26', '0.7', '500'),
('2021-06-04 18:02:41', '26', '0.7', '500'),
('2021-06-04 18:02:44', '26', '0.7', '500'),
('2021-06-04 18:02:46', '26', '0.7', '500'),
('2021-06-04 18:02:49', '26', '0.7', '500'),
('2021-06-04 18:02:52', '26', '0.7', '500'),
('2021-06-04 18:02:54', '26', '0.7', '500'),
('2021-06-04 18:02:57', '26', '0.7', '500'),
('2021-06-04 18:02:59', '26', '0.7', '500'),
('2021-06-04 18:03:02', '26', '0.7', '500'),
('2021-06-04 18:03:04', '26', '0.7', '500'),
('2021-06-04 18:03:07', '26', '0.7', '500'),
('2021-06-04 18:03:10', '26', '0.7', '500'),
('2021-06-04 18:03:12', '26', '0.7', '500'),
('2021-06-04 18:03:16', '26', '0.7', '500'),
('2021-06-04 18:03:18', '26', '0.7', '500'),
('2021-06-04 18:03:21', '26', '0.7', '500'),
('2021-06-04 18:03:24', '26', '0.7', '500'),
('2021-06-04 18:03:26', '26', '0.7', '500'),
('2021-06-04 18:03:29', '26', '0.7', '500'),
('2021-06-04 18:03:31', '26', '0.7', '500'),
('2021-06-04 18:03:34', '26', '0.7', '500'),
('2021-06-04 18:03:37', '26', '0.7', '500'),
('2021-06-04 18:03:39', '26', '0.7', '500'),
('2021-06-04 18:03:42', '26', '0.7', '500'),
('2021-06-04 18:03:45', '26', '0.7', '500'),
('2021-06-04 18:03:47', '26', '0.7', '500'),
('2021-06-04 18:03:50', '26', '0.7', '500'),
('2021-06-04 18:03:52', '26', '0.7', '500'),
('2021-06-04 18:03:55', '26', '0.7', '500'),
('2021-06-04 18:03:58', '26', '0.7', '500'),
('2021-06-04 18:04:00', '26', '0.7', '500'),
('2021-06-04 18:04:05', '26', '0.7', '500'),
('2021-06-04 18:04:07', '26', '0.7', '500'),
('2021-06-04 18:04:10', '26', '0.7', '500'),
('2021-06-04 18:04:13', '26', '0.7', '500'),
('2021-06-04 18:04:15', '26', '0.7', '500'),
('2021-06-04 18:04:18', '26', '0.7', '500'),
('2021-06-04 18:04:20', '26', '0.7', '500'),
('2021-06-04 18:04:23', '26', '0.7', '500'),
('2021-06-04 18:04:26', '26', '0.7', '500'),
('2021-06-04 18:04:28', '26', '0.7', '500'),
('2021-06-04 18:04:31', '26', '0.7', '500'),
('2021-06-04 18:04:33', '26', '0.7', '500'),
('2021-06-04 18:04:36', '26', '0.7', '500'),
('2021-06-04 18:04:38', '26', '0.7', '500'),
('2021-06-04 18:04:41', '26', '0.7', '500'),
('2021-06-04 18:04:44', '26', '0.7', '500'),
('2021-06-04 18:04:46', '26', '0.7', '500'),
('2021-06-04 18:04:49', '26', '0.7', '500'),
('2021-06-04 18:04:51', '26', '0.7', '500'),
('2021-06-04 18:04:54', '26', '0.7', '500'),
('2021-06-04 18:04:57', '26', '0.7', '500'),
('2021-06-04 18:04:59', '26', '0.7', '500'),
('2021-06-04 18:05:02', '26', '0.7', '500'),
('2021-06-04 18:05:04', '26', '0.7', '500'),
('2021-06-04 18:05:07', '26', '0.7', '500'),
('2021-06-04 18:05:10', '26', '0.7', '500'),
('2021-06-04 18:05:12', '26', '0.7', '500'),
('2021-06-04 18:05:15', '26', '0.7', '500'),
('2021-06-04 18:05:17', '26', '0.7', '500'),
('2021-06-04 18:05:20', '26', '0.7', '500'),
('2021-06-04 18:05:23', '26', '0.7', '500'),
('2021-06-04 18:05:25', '26', '0.7', '500'),
('2021-06-04 18:05:28', '26', '0.7', '500'),
('2021-06-04 18:05:30', '26', '0.7', '500'),
('2021-06-04 18:05:33', '26', '0.7', '500'),
('2021-06-04 18:05:36', '26', '0.7', '500'),
('2021-06-04 18:05:39', '26', '0.7', '500'),
('2021-06-04 18:05:41', '26', '0.7', '500'),
('2021-06-04 18:05:45', '26', '0.7', '500'),
('2021-06-04 18:05:47', '26', '0.7', '500'),
('2021-06-04 18:05:50', '26', '0.7', '500'),
('2021-06-04 18:05:53', '26', '0.7', '500'),
('2021-06-04 18:05:55', '26', '0.7', '500'),
('2021-06-04 18:05:58', '26', '0.7', '500'),
('2021-06-04 18:06:00', '26', '0.7', '500'),
('2021-06-04 18:06:03', '26', '0.7', '500'),
('2021-06-04 18:06:06', '26', '0.7', '500'),
('2021-06-04 18:06:08', '26', '0.7', '500'),
('2021-06-04 18:06:11', '26', '0.7', '500'),
('2021-06-04 18:06:13', '26', '0.7', '500'),
('2021-06-04 18:06:16', '26', '0.7', '500'),
('2021-06-04 18:06:19', '26', '0.7', '500'),
('2021-06-04 18:06:21', '26', '0.7', '500'),
('2021-06-04 18:06:24', '26', '0.7', '500'),
('2021-06-04 18:06:26', '26', '0.7', '500'),
('2021-06-04 18:06:29', '26', '0.7', '500'),
('2021-06-04 18:06:32', '26', '0.7', '500'),
('2021-06-04 18:06:34', '26', '0.7', '500'),
('2021-06-04 18:06:37', '26', '0.7', '500'),
('2021-06-04 18:06:40', '26', '0.7', '500'),
('2021-06-04 18:06:42', '26', '0.7', '500'),
('2021-06-04 18:06:45', '26', '0.7', '500'),
('2021-06-04 18:06:47', '26', '0.7', '500'),
('2021-06-04 18:06:51', '26', '0.7', '500'),
('2021-06-04 18:06:53', '26', '0.7', '500'),
('2021-06-04 18:06:56', '26', '0.7', '500'),
('2021-06-04 18:06:59', '26', '0.7', '500'),
('2021-06-04 18:07:01', '26', '0.7', '500'),
('2021-06-04 18:07:04', '26', '0.7', '500'),
('2021-06-04 18:07:06', '26', '0.7', '500'),
('2021-06-04 18:07:09', '26', '0.7', '500'),
('2021-06-04 18:07:12', '26', '0.7', '500'),
('2021-06-04 18:07:14', '26', '0.7', '500'),
('2021-06-04 18:07:17', '26', '0.7', '500'),
('2021-06-04 18:07:20', '26', '0.7', '500'),
('2021-06-04 18:07:22', '26', '0.7', '500'),
('2021-06-04 18:07:25', '26', '0.7', '500'),
('2021-06-04 18:07:27', '26', '0.7', '500'),
('2021-06-04 18:07:30', '26', '0.7', '500'),
('2021-06-04 18:07:33', '26', '0.7', '500'),
('2021-06-04 18:07:35', '26', '0.7', '500'),
('2021-06-04 18:07:38', '26', '0.7', '500'),
('2021-06-04 18:07:40', '26', '0.7', '500'),
('2021-06-04 18:07:43', '26', '0.7', '500'),
('2021-06-04 18:07:46', '26', '0.7', '500'),
('2021-06-04 18:07:48', '26', '0.7', '500'),
('2021-06-04 18:07:51', '26', '0.7', '500'),
('2021-06-04 18:07:54', '26', '0.7', '500'),
('2021-06-04 18:07:56', '26', '0.7', '500'),
('2021-06-04 18:07:59', '26', '0.7', '500'),
('2021-06-04 18:08:01', '26', '0.7', '500'),
('2021-06-04 18:08:04', '26', '0.7', '500'),
('2021-06-04 18:08:06', '26', '0.7', '500'),
('2021-06-04 18:08:09', '26', '0.7', '500'),
('2021-06-04 18:08:12', '26', '0.7', '500'),
('2021-06-04 18:08:14', '26', '0.7', '500'),
('2021-06-04 18:08:17', '26', '0.7', '500'),
('2021-06-04 18:08:19', '26', '0.7', '500'),
('2021-06-04 18:08:22', '26', '0.7', '500'),
('2021-06-04 18:08:25', '26', '0.7', '500'),
('2021-06-04 18:08:27', '26', '0.7', '500'),
('2021-06-04 18:08:30', '26', '0.7', '500'),
('2021-06-04 18:08:32', '26', '0.7', '500'),
('2021-06-04 18:08:35', '26', '0.7', '500'),
('2021-06-04 18:08:38', '26', '0.7', '500'),
('2021-06-04 18:08:40', '26', '0.7', '500'),
('2021-06-04 18:08:43', '26', '0.7', '500'),
('2021-06-04 18:08:45', '26', '0.7', '500'),
('2021-06-04 18:08:48', '26', '0.7', '500'),
('2021-06-04 18:08:51', '26', '0.7', '500'),
('2021-06-04 18:08:53', '26', '0.7', '500'),
('2021-06-04 18:08:56', '26', '0.7', '500'),
('2021-06-04 18:08:59', '26', '0.7', '500'),
('2021-06-04 18:09:01', '26', '0.7', '500'),
('2021-06-04 18:09:04', '26', '0.7', '500'),
('2021-06-04 18:09:06', '26', '0.7', '500'),
('2021-06-04 18:09:09', '26', '0.7', '500'),
('2021-06-04 18:09:12', '26', '0.7', '500'),
('2021-06-04 18:09:14', '26', '0.7', '500'),
('2021-06-04 18:09:17', '26', '0.7', '500'),
('2021-06-04 18:09:19', '26', '0.7', '500'),
('2021-06-04 18:09:22', '26', '0.7', '500'),
('2021-06-04 18:09:25', '26', '0.7', '500'),
('2021-06-04 18:09:27', '26', '0.7', '500'),
('2021-06-04 18:09:30', '26', '0.7', '500'),
('2021-06-04 18:09:32', '26', '0.7', '500'),
('2021-06-04 18:09:35', '26', '0.7', '500'),
('2021-06-04 18:09:38', '26', '0.7', '500'),
('2021-06-04 18:09:40', '26', '0.7', '500'),
('2021-06-04 18:09:43', '26', '0.7', '500'),
('2021-06-04 18:09:46', '26', '0.7', '500'),
('2021-06-04 18:09:48', '26', '0.7', '500'),
('2021-06-04 18:09:51', '26', '0.7', '500'),
('2021-06-04 18:09:54', '26', '0.7', '500'),
('2021-06-04 18:09:56', '26', '0.7', '500'),
('2021-06-04 18:09:59', '26', '0.7', '500'),
('2021-06-04 18:10:02', '26', '0.7', '500'),
('2021-06-04 18:10:04', '26', '0.7', '500'),
('2021-06-04 18:10:07', '26', '0.7', '500'),
('2021-06-04 18:10:09', '26', '0.7', '500'),
('2021-06-04 18:10:12', '26', '0.7', '500'),
('2021-06-04 18:10:15', '26', '0.7', '500'),
('2021-06-04 18:10:17', '26', '0.7', '500'),
('2021-06-04 18:10:20', '26', '0.7', '500'),
('2021-06-04 18:10:22', '26', '0.7', '500'),
('2021-06-04 18:10:25', '26', '0.7', '500'),
('2021-06-04 18:10:28', '26', '0.7', '500'),
('2021-06-04 18:10:30', '26', '0.7', '500'),
('2021-06-04 18:10:33', '26', '0.7', '500'),
('2021-06-04 18:10:35', '26', '0.7', '500'),
('2021-06-04 18:10:39', '26', '0.7', '500'),
('2021-06-04 18:10:41', '26', '0.7', '500'),
('2021-06-04 18:10:44', '26', '0.7', '500'),
('2021-06-04 18:10:47', '26', '0.7', '500'),
('2021-06-04 18:10:49', '26', '0.7', '500'),
('2021-06-04 18:10:52', '26', '0.7', '500'),
('2021-06-04 18:10:54', '26', '0.7', '500'),
('2021-06-04 18:10:57', '26', '0.7', '500'),
('2021-06-04 18:11:00', '26', '0.7', '500'),
('2021-06-04 18:11:02', '26', '0.7', '500'),
('2021-06-04 18:11:05', '26', '0.7', '500'),
('2021-06-04 18:11:07', '26', '0.7', '500'),
('2021-06-04 18:11:10', '26', '0.7', '500'),
('2021-06-04 18:11:12', '26', '0.7', '500'),
('2021-06-04 18:11:15', '26', '0.7', '500'),
('2021-06-04 18:11:18', '26', '0.7', '500'),
('2021-06-04 18:11:20', '26', '0.7', '500'),
('2021-06-04 18:11:24', '26', '0.7', '500'),
('2021-06-04 18:11:26', '26', '0.7', '500'),
('2021-06-04 18:11:30', '26', '0.7', '500'),
('2021-06-04 18:11:32', '26', '0.7', '500'),
('2021-06-04 18:11:35', '26', '0.7', '500'),
('2021-06-04 18:11:38', '26', '0.7', '500'),
('2021-06-04 18:11:40', '26', '0.7', '500'),
('2021-06-04 18:11:43', '26', '0.7', '500'),
('2021-06-04 18:11:45', '26', '0.7', '500'),
('2021-06-04 18:11:48', '26', '0.7', '500'),
('2021-06-04 18:11:51', '26', '0.7', '500'),
('2021-06-04 18:11:53', '26', '0.7', '500'),
('2021-06-04 18:11:56', '26', '0.7', '500'),
('2021-06-04 18:12:00', '26', '0.7', '500'),
('2021-06-04 18:12:03', '26', '0.7', '500'),
('2021-06-04 18:12:05', '26', '0.7', '500'),
('2021-06-04 18:12:08', '26', '0.7', '500'),
('2021-06-04 18:12:10', '26', '0.7', '500'),
('2021-06-04 18:12:13', '26', '0.7', '500'),
('2021-06-04 18:12:16', '26', '0.7', '500'),
('2021-06-04 18:12:18', '26', '0.7', '500'),
('2021-06-04 18:12:21', '26', '0.7', '500'),
('2021-06-04 18:12:24', '26', '0.7', '500'),
('2021-06-04 18:12:26', '26', '0.7', '500'),
('2021-06-04 18:12:29', '26', '0.7', '500'),
('2021-06-04 18:12:31', '26', '0.7', '500'),
('2021-06-04 18:12:34', '26', '0.7', '500'),
('2021-06-04 18:12:36', '26', '0.7', '500'),
('2021-06-04 18:12:39', '26', '0.7', '500'),
('2021-06-04 18:12:42', '26', '0.7', '500'),
('2021-06-04 18:12:45', '26', '0.7', '500'),
('2021-06-04 18:12:47', '26', '0.7', '500'),
('2021-06-04 18:12:50', '26', '0.7', '500'),
('2021-06-04 18:12:52', '26', '0.7', '500'),
('2021-06-04 18:12:55', '26', '0.7', '500'),
('2021-06-04 18:12:57', '26', '0.7', '500'),
('2021-06-04 18:13:00', '26', '0.7', '500'),
('2021-06-04 18:13:03', '26', '0.7', '500'),
('2021-06-04 18:13:05', '26', '0.7', '500'),
('2021-06-04 18:13:08', '26', '0.7', '500'),
('2021-06-04 18:13:11', '26', '0.7', '500'),
('2021-06-04 18:13:13', '26', '0.7', '500'),
('2021-06-04 18:13:17', '26', '0.7', '500'),
('2021-06-04 18:13:19', '26', '0.7', '500'),
('2021-06-04 18:13:22', '26', '0.7', '500'),
('2021-06-04 18:13:25', '26', '0.7', '500'),
('2021-06-04 18:13:27', '26', '0.7', '500'),
('2021-06-04 18:13:30', '26', '0.7', '500'),
('2021-06-04 18:13:32', '26', '0.7', '500'),
('2021-06-04 18:13:36', '26', '0.7', '500'),
('2021-06-04 18:13:38', '26', '0.7', '500'),
('2021-06-04 18:13:41', '26', '0.7', '500'),
('2021-06-04 18:13:43', '26', '0.7', '500'),
('2021-06-04 18:13:46', '26', '0.7', '500'),
('2021-06-04 18:13:49', '26', '0.7', '500'),
('2021-06-04 18:13:51', '26', '0.7', '500'),
('2021-06-04 18:13:54', '26', '0.7', '500'),
('2021-06-04 18:13:56', '26', '0.7', '500'),
('2021-06-04 18:13:59', '26', '0.7', '500'),
('2021-06-04 18:14:02', '26', '0.7', '500'),
('2021-06-04 18:14:04', '26', '0.7', '500'),
('2021-06-04 18:14:07', '26', '0.7', '500'),
('2021-06-04 18:14:10', '26', '0.7', '500'),
('2021-06-04 18:14:12', '26', '0.7', '500'),
('2021-06-04 18:14:15', '26', '0.7', '500'),
('2021-06-04 18:14:17', '26', '0.7', '500'),
('2021-06-04 18:14:20', '26', '0.7', '500'),
('2021-06-04 18:14:22', '26', '0.7', '500'),
('2021-06-04 18:14:26', '26', '0.7', '500'),
('2021-06-04 18:14:28', '26', '0.7', '500'),
('2021-06-04 18:14:31', '26', '0.7', '500'),
('2021-06-04 18:14:34', '26', '0.7', '500'),
('2021-06-04 18:14:36', '26', '0.7', '500'),
('2021-06-04 18:14:39', '26', '0.7', '500'),
('2021-06-04 18:14:41', '26', '0.7', '500'),
('2021-06-04 18:14:44', '26', '0.7', '500'),
('2021-06-04 18:14:47', '26', '0.7', '500'),
('2021-06-04 18:14:49', '26', '0.7', '500'),
('2021-06-04 18:14:52', '26', '0.7', '500'),
('2021-06-04 18:14:55', '26', '0.7', '500'),
('2021-06-04 18:14:57', '26', '0.7', '500'),
('2021-06-04 18:15:00', '26', '0.7', '500'),
('2021-06-04 18:15:02', '26', '0.7', '500'),
('2021-06-04 18:15:05', '26', '0.7', '500'),
('2021-06-04 18:15:08', '26', '0.7', '500'),
('2021-06-04 18:15:10', '26', '0.7', '500'),
('2021-06-04 18:15:13', '26', '0.7', '500'),
('2021-06-04 18:15:15', '26', '0.7', '500'),
('2021-06-04 18:15:18', '26', '0.7', '500'),
('2021-06-04 18:15:21', '26', '0.7', '500'),
('2021-06-04 18:15:23', '26', '0.7', '500'),
('2021-06-04 18:15:26', '26', '0.7', '500'),
('2021-06-04 18:15:28', '26', '0.7', '500'),
('2021-06-04 18:15:31', '26', '0.7', '500'),
('2021-06-04 18:15:34', '26', '0.7', '500'),
('2021-06-04 18:15:37', '26', '0.7', '500'),
('2021-06-04 18:15:39', '26', '0.7', '500'),
('2021-06-04 18:15:42', '26', '0.7', '500'),
('2021-06-04 18:15:44', '26', '0.7', '500'),
('2021-06-04 18:15:47', '26', '0.7', '500'),
('2021-06-04 18:15:49', '26', '0.7', '500'),
('2021-06-04 18:15:52', '26', '0.7', '500'),
('2021-06-04 18:15:55', '26', '0.7', '500'),
('2021-06-04 18:15:57', '26', '0.7', '500'),
('2021-06-04 18:16:00', '26', '0.7', '500'),
('2021-06-04 18:16:02', '26', '0.7', '500'),
('2021-06-04 18:16:05', '26', '0.7', '500'),
('2021-06-04 18:16:08', '26', '0.7', '500'),
('2021-06-04 18:16:10', '26', '0.7', '500'),
('2021-06-04 18:16:13', '26', '0.7', '500'),
('2021-06-04 18:16:16', '26', '0.7', '500'),
('2021-06-04 18:16:18', '26', '0.7', '500'),
('2021-06-04 18:16:21', '26', '0.7', '500'),
('2021-06-04 18:16:24', '26', '0.7', '500'),
('2021-06-04 18:16:26', '26', '0.7', '500'),
('2021-06-04 18:16:29', '26', '0.7', '500'),
('2021-06-04 18:16:31', '26', '0.7', '500'),
('2021-06-04 18:16:34', '26', '0.7', '500'),
('2021-06-04 18:16:37', '26', '0.7', '500'),
('2021-06-04 18:16:39', '26', '0.7', '500'),
('2021-06-04 18:16:42', '26', '0.7', '500'),
('2021-06-04 18:16:44', '26', '0.7', '500'),
('2021-06-04 18:16:47', '26', '0.7', '500'),
('2021-06-04 18:16:50', '26', '0.7', '500'),
('2021-06-04 18:16:52', '26', '0.7', '500'),
('2021-06-04 18:16:55', '26', '0.7', '500'),
('2021-06-04 18:16:58', '26', '0.7', '500'),
('2021-06-04 18:17:00', '26', '0.7', '500'),
('2021-06-04 18:17:03', '26', '0.7', '500'),
('2021-06-04 18:17:05', '26', '0.7', '500'),
('2021-06-04 18:17:08', '26', '0.7', '500'),
('2021-06-04 18:17:11', '26', '0.7', '500'),
('2021-06-04 18:17:13', '26', '0.7', '500'),
('2021-06-04 18:17:16', '26', '0.7', '500'),
('2021-06-04 18:17:18', '26', '0.7', '500'),
('2021-06-04 18:17:27', '26', '0.7', '500'),
('2021-06-04 18:17:36', '26', '0.7', '500'),
('2021-06-04 18:17:44', '26', '0.7', '500'),
('2021-06-04 18:17:47', '26', '0.7', '500'),
('2021-06-04 18:17:49', '26', '0.7', '500'),
('2021-06-04 18:17:52', '26', '0.7', '500'),
('2021-06-04 18:17:55', '26', '0.7', '500'),
('2021-06-04 18:17:57', '26', '0.7', '500'),
('2021-06-04 18:18:00', '26', '0.7', '500'),
('2021-06-04 18:18:02', '26', '0.7', '500'),
('2021-06-04 18:18:05', '26', '0.7', '500'),
('2021-06-04 18:18:07', '26', '0.7', '500'),
('2021-06-04 18:18:10', '26', '0.7', '500'),
('2021-06-04 18:18:13', '26', '0.7', '500'),
('2021-06-04 18:18:15', '26', '0.7', '500'),
('2021-06-04 18:18:18', '26', '0.7', '500'),
('2021-06-04 18:18:21', '26', '0.7', '500'),
('2021-06-04 18:18:23', '26', '0.7', '500'),
('2021-06-04 18:18:32', '26', '0.7', '500'),
('2021-06-04 18:18:41', '26', '0.7', '500'),
('2021-06-04 18:18:49', '26', '0.7', '500'),
('2021-06-04 18:18:52', '26', '0.7', '500'),
('2021-06-04 18:18:54', '26', '0.7', '500'),
('2021-06-04 18:18:57', '26', '0.7', '500'),
('2021-06-04 18:19:00', '26', '0.7', '500'),
('2021-06-04 18:19:02', '26', '0.7', '500'),
('2021-06-04 18:19:05', '26', '0.7', '500'),
('2021-06-04 18:19:09', '26', '0.7', '500'),
('2021-06-04 18:19:11', '26', '0.7', '500'),
('2021-06-04 18:19:14', '26', '0.7', '500'),
('2021-06-04 18:19:17', '26', '0.7', '500'),
('2021-06-04 18:19:19', '26', '0.7', '500'),
('2021-06-04 18:19:22', '26', '0.7', '500'),
('2021-06-04 18:19:24', '26', '0.7', '500'),
('2021-06-04 18:19:27', '26', '0.7', '500'),
('2021-06-04 18:19:30', '26', '0.7', '500'),
('2021-06-04 18:19:32', '26', '0.7', '500'),
('2021-06-04 18:19:35', '26', '0.7', '500'),
('2021-06-04 18:19:37', '26', '0.7', '500'),
('2021-06-04 18:19:41', '26', '0.7', '500'),
('2021-06-04 18:19:44', '26', '0.7', '500'),
('2021-06-04 18:19:46', '26', '0.7', '500'),
('2021-06-04 18:19:51', '26', '0.7', '500'),
('2021-06-04 18:19:58', '26', '0.7', '500'),
('2021-06-04 18:20:07', '26', '0.7', '500'),
('2021-06-04 18:20:16', '26', '0.7', '500'),
('2021-06-04 18:20:24', '26', '0.7', '500'),
('2021-06-04 18:20:27', '26', '0.7', '500'),
('2021-06-04 18:20:29', '26', '0.7', '500'),
('2021-06-04 18:20:32', '26', '0.7', '500'),
('2021-06-04 18:20:35', '26', '0.7', '500'),
('2021-06-04 18:20:37', '26', '0.7', '500'),
('2021-06-04 18:20:40', '26', '0.7', '500'),
('2021-06-04 18:20:42', '26', '0.7', '500'),
('2021-06-04 18:20:45', '26', '0.7', '500'),
('2021-06-04 18:20:47', '26', '0.7', '500'),
('2021-06-04 18:20:50', '26', '0.7', '500'),
('2021-06-04 18:20:53', '26', '0.7', '500'),
('2021-06-04 18:20:55', '26', '0.7', '500'),
('2021-06-04 18:20:58', '26', '0.7', '500'),
('2021-06-04 18:21:00', '26', '0.7', '500'),
('2021-06-04 18:21:03', '26', '0.7', '500'),
('2021-06-04 18:21:05', '26', '0.7', '500'),
('2021-06-04 18:21:08', '26', '0.7', '500'),
('2021-06-04 18:21:11', '26', '0.7', '500'),
('2021-06-04 18:21:13', '26', '0.7', '500'),
('2021-06-04 18:21:16', '26', '0.7', '500'),
('2021-06-04 18:21:19', '26', '0.7', '500'),
('2021-06-04 18:21:21', '26', '0.7', '500'),
('2021-06-04 18:21:24', '26', '0.7', '500'),
('2021-06-04 18:21:26', '26', '0.7', '500'),
('2021-06-04 18:21:29', '26', '0.7', '500'),
('2021-06-04 18:21:32', '26', '0.7', '500'),
('2021-06-04 18:21:35', '26', '0.7', '500'),
('2021-06-04 18:21:37', '26', '0.7', '500'),
('2021-06-04 18:21:41', '26', '0.7', '500'),
('2021-06-04 18:21:43', '26', '0.7', '500'),
('2021-06-04 18:21:46', '26', '0.7', '500'),
('2021-06-04 18:21:49', '26', '0.7', '500'),
('2021-06-04 18:21:51', '26', '0.7', '500'),
('2021-06-04 18:21:54', '26', '0.7', '500'),
('2021-06-04 18:21:56', '26', '0.7', '500'),
('2021-06-04 18:21:59', '26', '0.7', '500'),
('2021-06-04 18:22:02', '26', '0.7', '500'),
('2021-06-04 18:22:04', '26', '0.7', '500'),
('2021-06-04 18:22:07', '26', '0.7', '500'),
('2021-06-04 18:22:10', '26', '0.7', '500'),
('2021-06-04 18:22:12', '26', '0.7', '500'),
('2021-06-04 18:22:15', '26', '0.7', '500'),
('2021-06-04 18:22:17', '26', '0.7', '500'),
('2021-06-04 18:22:20', '26', '0.7', '500'),
('2021-06-04 18:22:23', '26', '0.7', '500'),
('2021-06-04 18:22:26', '26', '0.7', '500'),
('2021-06-04 18:22:28', '26', '0.7', '500'),
('2021-06-04 18:22:31', '26', '0.7', '500'),
('2021-06-04 18:22:34', '26', '0.7', '500'),
('2021-06-04 18:22:36', '26', '0.7', '500'),
('2021-06-04 18:22:39', '26', '0.7', '500'),
('2021-06-04 18:22:41', '26', '0.7', '500'),
('2021-06-04 18:22:44', '26', '0.7', '500'),
('2021-06-04 18:22:46', '26', '0.7', '500'),
('2021-06-04 18:22:49', '26', '0.7', '500'),
('2021-06-04 18:22:52', '26', '0.7', '500'),
('2021-06-04 18:22:54', '26', '0.7', '500'),
('2021-06-04 18:22:57', '26', '0.7', '500'),
('2021-06-04 18:22:59', '26', '0.7', '500'),
('2021-06-04 18:23:02', '26', '0.7', '500'),
('2021-06-04 18:23:05', '26', '0.7', '500'),
('2021-06-04 18:23:07', '26', '0.7', '500'),
('2021-06-04 18:23:10', '26', '0.7', '500'),
('2021-06-04 18:23:12', '26', '0.7', '500'),
('2021-06-04 18:23:15', '26', '0.7', '500'),
('2021-06-04 18:23:18', '26', '0.7', '500'),
('2021-06-04 18:23:20', '26', '0.7', '500'),
('2021-06-04 18:23:23', '26', '0.7', '500'),
('2021-06-04 18:23:25', '26', '0.7', '500'),
('2021-06-04 18:23:28', '26', '0.7', '500'),
('2021-06-04 18:23:30', '26', '0.7', '500'),
('2021-06-04 18:23:33', '26', '0.7', '500'),
('2021-06-04 18:23:36', '26', '0.7', '500'),
('2021-06-04 18:23:38', '26', '0.7', '500'),
('2021-06-04 18:23:41', '26', '0.7', '500'),
('2021-06-04 18:23:44', '26', '0.7', '500'),
('2021-06-04 18:23:46', '26', '0.7', '500'),
('2021-06-04 18:23:49', '26', '0.7', '500'),
('2021-06-04 18:23:52', '26', '0.7', '500'),
('2021-06-04 18:23:54', '26', '0.7', '500'),
('2021-06-04 18:23:57', '26', '0.7', '500'),
('2021-06-04 18:23:59', '26', '0.7', '500'),
('2021-06-04 18:24:02', '26', '0.7', '500'),
('2021-06-04 18:24:04', '26', '0.7', '500'),
('2021-06-04 18:24:07', '26', '0.7', '500'),
('2021-06-04 18:24:10', '26', '0.7', '500'),
('2021-06-04 18:24:12', '26', '0.7', '500'),
('2021-06-04 18:24:15', '26', '0.7', '500'),
('2021-06-04 18:24:17', '26', '0.7', '500'),
('2021-06-04 18:24:20', '26', '0.7', '500'),
('2021-06-04 18:24:23', '26', '0.7', '500'),
('2021-06-04 18:24:25', '26', '0.7', '500'),
('2021-06-04 18:24:28', '26', '0.7', '500'),
('2021-06-04 18:24:30', '26', '0.7', '500'),
('2021-06-04 18:24:33', '26', '0.7', '500'),
('2021-06-04 18:24:36', '26', '0.7', '500'),
('2021-06-04 18:24:38', '26', '0.7', '500'),
('2021-06-04 18:24:41', '26', '0.7', '500'),
('2021-06-04 18:24:43', '26', '0.7', '500'),
('2021-06-04 18:24:46', '26', '0.7', '500'),
('2021-06-04 18:24:49', '26', '0.7', '500'),
('2021-06-04 18:24:52', '26', '0.7', '500'),
('2021-06-04 18:24:54', '26', '0.7', '500'),
('2021-06-04 18:24:57', '26', '0.7', '500'),
('2021-06-04 18:25:00', '26', '0.7', '500'),
('2021-06-04 18:25:02', '26', '0.7', '500'),
('2021-06-04 18:25:05', '26', '0.7', '500'),
('2021-06-04 18:25:09', '26', '0.7', '500'),
('2021-06-04 18:25:11', '26', '0.7', '500'),
('2021-06-04 18:25:14', '26', '0.7', '500'),
('2021-06-04 18:25:17', '26', '0.7', '500'),
('2021-06-04 18:25:19', '26', '0.7', '500'),
('2021-06-04 18:25:22', '26', '0.7', '500'),
('2021-06-04 18:25:24', '26', '0.7', '500'),
('2021-06-04 18:25:27', '26', '0.7', '500'),
('2021-06-04 18:25:30', '26', '0.7', '500'),
('2021-06-04 18:25:32', '26', '0.7', '500'),
('2021-06-04 18:25:35', '26', '0.7', '500'),
('2021-06-04 18:25:37', '26', '0.7', '500'),
('2021-06-04 18:25:40', '26', '0.7', '500'),
('2021-06-04 18:25:42', '26', '0.7', '500'),
('2021-06-04 18:25:46', '26', '0.7', '500'),
('2021-06-04 18:25:48', '26', '0.7', '500'),
('2021-06-04 18:25:51', '26', '0.7', '500'),
('2021-06-04 18:25:54', '26', '0.7', '500'),
('2021-06-04 18:25:56', '26', '0.7', '500'),
('2021-06-04 18:25:59', '26', '0.7', '500'),
('2021-06-04 18:26:01', '26', '0.7', '500'),
('2021-06-04 18:26:04', '26', '0.7', '500'),
('2021-06-04 18:26:07', '26', '0.7', '500'),
('2021-06-04 18:26:09', '26', '0.7', '500'),
('2021-06-04 18:26:12', '26', '0.7', '500'),
('2021-06-04 18:26:14', '26', '0.7', '500'),
('2021-06-04 18:26:17', '26', '0.7', '500'),
('2021-06-04 18:26:20', '26', '0.7', '500'),
('2021-06-04 18:26:22', '26', '0.7', '500'),
('2021-06-04 18:26:25', '26', '0.7', '500'),
('2021-06-04 18:26:28', '26', '0.7', '500'),
('2021-06-04 18:26:30', '26', '0.7', '500'),
('2021-06-04 18:26:33', '26', '0.7', '500'),
('2021-06-04 18:26:35', '26', '0.7', '500'),
('2021-06-04 18:26:38', '26', '0.7', '500'),
('2021-06-04 18:26:41', '26', '0.7', '500'),
('2021-06-04 18:26:44', '26', '0.7', '500'),
('2021-06-04 18:26:46', '26', '0.7', '500'),
('2021-06-04 18:26:49', '26', '0.7', '500'),
('2021-06-04 18:26:52', '26', '0.7', '500'),
('2021-06-04 18:26:54', '26', '0.7', '500'),
('2021-06-04 18:26:57', '26', '0.7', '500'),
('2021-06-04 18:26:59', '26', '0.7', '500'),
('2021-06-04 18:27:02', '26', '0.7', '500'),
('2021-06-04 18:27:05', '26', '0.7', '500'),
('2021-06-04 18:27:07', '26', '0.7', '500'),
('2021-06-04 18:27:10', '26', '0.7', '500'),
('2021-06-04 18:27:13', '26', '0.7', '500'),
('2021-06-04 18:27:15', '26', '0.7', '500'),
('2021-06-04 18:27:18', '26', '0.7', '500'),
('2021-06-04 18:27:20', '26', '0.7', '500'),
('2021-06-04 18:27:23', '26', '0.7', '500'),
('2021-06-04 18:27:26', '26', '0.7', '500'),
('2021-06-04 18:27:28', '26', '0.7', '500'),
('2021-06-04 18:27:31', '26', '0.7', '500'),
('2021-06-04 18:27:34', '26', '0.7', '500'),
('2021-06-04 18:27:36', '26', '0.7', '500'),
('2021-06-04 18:27:39', '26', '0.7', '500'),
('2021-06-04 18:27:42', '26', '0.7', '500'),
('2021-06-04 18:27:44', '26', '0.7', '500'),
('2021-06-04 18:27:47', '26', '0.7', '500'),
('2021-06-04 18:27:49', '26', '0.7', '500'),
('2021-06-04 18:27:52', '26', '0.7', '500'),
('2021-06-04 18:27:55', '26', '0.7', '500'),
('2021-06-04 18:27:57', '26', '0.7', '500'),
('2021-06-04 18:28:00', '26', '0.7', '500'),
('2021-06-04 18:28:02', '26', '0.7', '500'),
('2021-06-04 18:28:05', '26', '0.7', '500'),
('2021-06-04 18:28:08', '26', '0.7', '500'),
('2021-06-04 18:28:10', '26', '0.7', '500'),
('2021-06-04 18:28:13', '26', '0.7', '500'),
('2021-06-04 18:28:15', '26', '0.7', '500'),
('2021-06-04 18:28:19', '26', '0.7', '500'),
('2021-06-04 18:28:21', '26', '0.7', '500'),
('2021-06-04 18:28:24', '26', '0.7', '500'),
('2021-06-04 18:28:27', '26', '0.7', '500'),
('2021-06-04 18:28:29', '26', '0.7', '500'),
('2021-06-04 18:28:32', '26', '0.7', '500'),
('2021-06-04 18:28:35', '26', '0.7', '500'),
('2021-06-04 18:28:37', '26', '0.7', '500'),
('2021-06-04 18:28:40', '26', '0.7', '500'),
('2021-06-04 18:28:42', '26', '0.7', '500'),
('2021-06-04 18:28:45', '26', '0.7', '500'),
('2021-06-04 18:28:48', '26', '0.7', '500'),
('2021-06-04 18:28:50', '26', '0.7', '500'),
('2021-06-04 18:28:54', '26', '0.7', '500'),
('2021-06-04 18:28:56', '26', '0.7', '500'),
('2021-06-04 18:28:59', '26', '0.7', '500'),
('2021-06-04 18:29:02', '26', '0.7', '500'),
('2021-06-04 18:29:04', '26', '0.7', '500'),
('2021-06-04 18:29:07', '26', '0.7', '500'),
('2021-06-04 18:29:09', '26', '0.7', '500'),
('2021-06-04 18:29:12', '26', '0.7', '500'),
('2021-06-04 18:29:15', '26', '0.7', '500'),
('2021-06-04 18:29:17', '26', '0.7', '500'),
('2021-06-04 18:29:20', '26', '0.7', '500'),
('2021-06-04 18:29:23', '26', '0.7', '500'),
('2021-06-04 18:29:25', '26', '0.7', '500'),
('2021-06-04 18:29:28', '26', '0.7', '500'),
('2021-06-04 18:29:31', '26', '0.7', '500'),
('2021-06-04 18:29:33', '26', '0.7', '500'),
('2021-06-04 18:29:36', '26', '0.7', '500'),
('2021-06-04 18:29:39', '26', '0.7', '500'),
('2021-06-04 18:29:41', '26', '0.7', '500'),
('2021-06-04 18:29:44', '26', '0.7', '500'),
('2021-06-04 18:29:46', '26', '0.7', '500'),
('2021-06-04 18:29:49', '26', '0.7', '500'),
('2021-06-04 18:29:51', '26', '0.7', '500'),
('2021-06-04 18:29:54', '26', '0.7', '500'),
('2021-06-04 18:29:57', '26', '0.7', '500'),
('2021-06-04 18:29:59', '26', '0.7', '500'),
('2021-06-04 18:30:02', '26', '0.7', '500'),
('2021-06-04 18:30:04', '26', '0.7', '500'),
('2021-06-04 18:30:07', '26', '0.7', '500'),
('2021-06-04 18:30:10', '26', '0.7', '500'),
('2021-06-04 18:30:12', '26', '0.7', '500'),
('2021-06-04 18:30:15', '26', '0.7', '500'),
('2021-06-04 18:30:18', '26', '0.7', '500'),
('2021-06-04 18:30:21', '26', '0.7', '500'),
('2021-06-04 18:30:23', '26', '0.7', '500'),
('2021-06-04 18:30:26', '26', '0.7', '500'),
('2021-06-04 18:30:28', '26', '0.7', '500'),
('2021-06-04 18:30:31', '26', '0.7', '500'),
('2021-06-04 18:30:34', '26', '0.7', '500'),
('2021-06-04 18:30:36', '26', '0.7', '500'),
('2021-06-04 18:30:39', '26', '0.7', '500'),
('2021-06-04 18:30:41', '26', '0.7', '500'),
('2021-06-04 18:30:44', '26', '0.7', '500'),
('2021-06-04 18:30:47', '26', '0.7', '500'),
('2021-06-04 18:30:49', '26', '0.7', '500'),
('2021-06-04 18:30:53', '26', '0.7', '500'),
('2021-06-04 18:30:55', '26', '0.7', '500'),
('2021-06-04 18:30:59', '26', '0.7', '500'),
('2021-06-04 18:31:01', '26', '0.7', '500'),
('2021-06-04 18:31:04', '26', '0.7', '500'),
('2021-06-04 18:31:13', '26', '0.7', '500'),
('2021-06-04 18:31:22', '26', '0.7', '500'),
('2021-06-04 18:31:30', '26', '0.7', '500'),
('2021-06-04 18:31:39', '26', '0.7', '500'),
('2021-06-04 18:31:48', '26', '0.7', '500'),
('2021-06-04 18:31:56', '26', '0.7', '500'),
('2021-06-04 18:32:05', '26', '0.7', '500'),
('2021-06-04 18:32:14', '26', '0.7', '500'),
('2021-06-04 18:32:22', '26', '0.7', '500'),
('2021-06-04 18:32:31', '26', '0.7', '500'),
('2021-06-04 18:32:39', '26', '0.7', '500'),
('2021-06-04 18:32:48', '26', '0.7', '500'),
('2021-06-04 18:32:57', '26', '0.7', '500'),
('2021-06-04 18:33:05', '26', '0.7', '500'),
('2021-06-04 18:33:14', '26', '0.7', '500'),
('2021-06-04 18:33:23', '26', '0.7', '500'),
('2021-06-04 18:33:31', '26', '0.7', '500'),
('2021-06-04 18:33:40', '26', '0.7', '500'),
('2021-06-04 18:33:48', '26', '0.7', '500'),
('2021-06-04 18:33:57', '26', '0.7', '500'),
('2021-06-04 18:34:06', '26', '0.7', '500'),
('2021-06-04 18:34:14', '26', '0.7', '500'),
('2021-06-04 18:34:23', '26', '0.7', '500'),
('2021-06-04 18:34:32', '26', '0.7', '500'),
('2021-06-04 18:34:40', '26', '0.7', '500'),
('2021-06-04 18:34:49', '26', '0.7', '500'),
('2021-06-04 18:34:58', '26', '0.7', '500'),
('2021-06-04 18:35:00', '26', '0.7', '500'),
('2021-06-04 18:35:09', '26', '0.7', '500'),
('2021-06-04 18:35:11', '26', '0.7', '500'),
('2021-06-04 18:35:20', '26', '0.7', '500'),
('2021-06-04 18:35:29', '26', '0.7', '500'),
('2021-06-04 18:35:37', '26', '0.7', '500'),
('2021-06-04 18:35:46', '26', '0.7', '500'),
('2021-06-04 18:35:48', '26', '0.7', '500'),
('2021-06-04 18:35:57', '26', '0.7', '500'),
('2021-06-04 18:36:00', '26', '0.7', '500'),
('2021-06-04 18:36:08', '26', '0.7', '500'),
('2021-06-04 18:36:17', '26', '0.7', '500'),
('2021-06-04 18:36:26', '26', '0.7', '500'),
('2021-06-04 18:36:34', '26', '0.7', '500'),
('2021-06-04 18:36:37', '26', '0.7', '500'),
('2021-06-04 18:36:45', '26', '0.7', '500'),
('2021-06-04 18:36:48', '26', '0.7', '500'),
('2021-06-04 18:36:57', '26', '0.7', '500'),
('2021-06-04 18:37:05', '26', '0.7', '500'),
('2021-06-04 18:37:14', '26', '0.7', '500'),
('2021-06-04 18:37:22', '26', '0.7', '500'),
('2021-06-04 18:37:31', '26', '0.7', '500'),
('2021-06-04 18:37:40', '26', '0.7', '500'),
('2021-06-04 18:37:43', '26', '0.7', '500'),
('2021-06-04 18:37:45', '26', '0.7', '500'),
('2021-06-04 18:37:48', '26', '0.7', '500'),
('2021-06-04 18:37:51', '26', '0.7', '500'),
('2021-06-04 18:37:53', '26', '0.7', '500'),
('2021-06-04 18:37:56', '26', '0.7', '500'),
('2021-06-04 18:37:59', '26', '0.7', '500'),
('2021-06-04 18:38:02', '26', '0.7', '500'),
('2021-06-04 18:38:04', '26', '0.7', '500'),
('2021-06-04 18:38:07', '26', '0.7', '500'),
('2021-06-04 18:38:10', '26', '0.7', '500'),
('2021-06-04 18:38:13', '26', '0.7', '500'),
('2021-06-04 18:38:15', '26', '0.7', '500'),
('2021-06-04 18:38:18', '26', '0.7', '500'),
('2021-06-04 18:38:20', '26', '0.7', '500'),
('2021-06-04 18:38:23', '26', '0.7', '500'),
('2021-06-04 18:38:26', '26', '0.7', '500'),
('2021-06-04 18:38:28', '26', '0.7', '500'),
('2021-06-04 18:38:37', '26', '0.7', '500'),
('2021-06-04 18:38:46', '26', '0.7', '500'),
('2021-06-04 18:38:54', '26', '0.7', '500'),
('2021-06-04 18:39:03', '26', '0.7', '500'),
('2021-06-04 18:39:05', '26', '0.7', '500'),
('2021-06-04 18:39:08', '26', '0.7', '500'),
('2021-06-04 18:39:11', '26', '0.7', '500'),
('2021-06-04 18:39:14', '26', '0.7', '500'),
('2021-06-04 18:39:16', '26', '0.7', '500'),
('2021-06-04 18:39:19', '26', '0.7', '500'),
('2021-06-04 18:39:21', '26', '0.7', '500'),
('2021-06-04 18:39:24', '26', '0.7', '500'),
('2021-06-04 18:39:27', '26', '0.7', '500'),
('2021-06-04 18:39:29', '26', '0.7', '500'),
('2021-06-04 18:39:32', '26', '0.7', '500'),
('2021-06-04 18:39:34', '26', '0.7', '500'),
('2021-06-04 18:39:37', '26', '0.7', '500'),
('2021-06-04 18:39:40', '26', '0.7', '500'),
('2021-06-04 18:39:42', '26', '0.7', '500'),
('2021-06-04 18:39:45', '26', '0.7', '500'),
('2021-06-04 18:39:47', '26', '0.7', '500'),
('2021-06-04 18:39:50', '26', '0.7', '500'),
('2021-06-04 18:39:52', '26', '0.7', '500'),
('2021-06-04 18:39:55', '26', '0.7', '500'),
('2021-06-04 18:39:58', '26', '0.7', '500'),
('2021-06-04 18:40:00', '26', '0.7', '500'),
('2021-06-04 18:40:03', '26', '0.7', '500'),
('2021-06-04 18:40:05', '26', '0.7', '500'),
('2021-06-04 18:40:08', '26', '0.7', '500'),
('2021-06-04 18:40:11', '26', '0.7', '500'),
('2021-06-04 18:40:13', '26', '0.7', '500'),
('2021-06-04 18:40:16', '26', '0.7', '500'),
('2021-06-04 18:40:18', '26', '0.7', '500'),
('2021-06-04 18:40:21', '26', '0.7', '500'),
('2021-06-04 18:40:23', '26', '0.7', '500'),
('2021-06-04 18:40:26', '26', '0.7', '500'),
('2021-06-04 18:40:29', '26', '0.7', '500'),
('2021-06-04 18:40:31', '26', '0.7', '500'),
('2021-06-04 18:40:34', '26', '0.7', '500'),
('2021-06-04 18:40:36', '26', '0.7', '500'),
('2021-06-04 18:40:39', '26', '0.7', '500'),
('2021-06-04 18:40:42', '26', '0.7', '500'),
('2021-06-04 18:40:44', '26', '0.7', '500'),
('2021-06-04 18:40:47', '26', '0.7', '500'),
('2021-06-04 18:40:50', '26', '0.7', '500'),
('2021-06-04 18:40:52', '26', '0.7', '500'),
('2021-06-04 18:40:55', '26', '0.7', '500'),
('2021-06-04 18:40:57', '26', '0.7', '500'),
('2021-06-04 18:41:00', '26', '0.7', '500'),
('2021-06-04 18:41:03', '26', '0.7', '500'),
('2021-06-04 18:41:05', '26', '0.7', '500'),
('2021-06-04 18:41:08', '26', '0.7', '500'),
('2021-06-04 18:41:10', '26', '0.7', '500'),
('2021-06-04 18:41:13', '26', '0.7', '500'),
('2021-06-04 18:41:16', '26', '0.7', '500'),
('2021-06-04 18:41:19', '26', '0.7', '500'),
('2021-06-04 18:41:21', '26', '0.7', '500'),
('2021-06-04 18:41:25', '26', '0.7', '500'),
('2021-06-04 18:41:27', '26', '0.7', '500'),
('2021-06-04 18:41:30', '26', '0.7', '500'),
('2021-06-04 18:41:33', '26', '0.7', '500'),
('2021-06-04 18:41:35', '26', '0.7', '500'),
('2021-06-04 18:41:38', '26', '0.7', '500'),
('2021-06-04 18:41:40', '26', '0.7', '500'),
('2021-06-04 18:41:43', '26', '0.7', '500'),
('2021-06-04 18:41:46', '26', '0.7', '500'),
('2021-06-04 18:41:48', '26', '0.7', '500'),
('2021-06-04 18:41:51', '26', '0.7', '500'),
('2021-06-04 18:41:53', '26', '0.7', '500'),
('2021-06-04 18:41:56', '26', '0.7', '500'),
('2021-06-04 18:41:58', '26', '0.7', '500'),
('2021-06-04 18:42:01', '26', '0.7', '500'),
('2021-06-04 18:42:04', '26', '0.7', '500'),
('2021-06-04 18:42:06', '26', '0.7', '500'),
('2021-06-04 18:42:09', '26', '0.7', '500'),
('2021-06-04 18:42:11', '26', '0.7', '500'),
('2021-06-04 18:42:14', '26', '0.7', '500'),
('2021-06-04 18:42:17', '26', '0.7', '500'),
('2021-06-04 18:42:19', '26', '0.7', '500'),
('2021-06-04 18:42:22', '26', '0.7', '500'),
('2021-06-04 18:42:25', '26', '0.7', '500'),
('2021-06-04 18:42:27', '26', '0.7', '500'),
('2021-06-04 18:42:30', '26', '0.7', '500'),
('2021-06-04 18:42:32', '26', '0.7', '500'),
('2021-06-04 18:42:35', '26', '0.7', '500'),
('2021-06-04 18:42:38', '26', '0.7', '500'),
('2021-06-04 18:42:40', '26', '0.7', '500'),
('2021-06-04 18:42:43', '26', '0.7', '500'),
('2021-06-04 18:42:45', '26', '0.7', '500'),
('2021-06-04 18:42:48', '26', '0.7', '500'),
('2021-06-04 18:42:51', '26', '0.7', '500'),
('2021-06-04 18:42:53', '26', '0.7', '500'),
('2021-06-04 18:42:56', '26', '0.7', '500'),
('2021-06-04 18:42:58', '26', '0.7', '500'),
('2021-06-04 18:43:01', '26', '0.7', '500'),
('2021-06-04 18:43:04', '26', '0.7', '500'),
('2021-06-04 18:43:06', '26', '0.7', '500'),
('2021-06-04 18:43:09', '26', '0.7', '500'),
('2021-06-04 18:43:11', '26', '0.7', '500'),
('2021-06-04 18:43:14', '26', '0.7', '500'),
('2021-06-04 18:43:17', '26', '0.7', '500'),
('2021-06-04 18:43:19', '26', '0.7', '500'),
('2021-06-04 18:43:23', '26', '0.7', '500'),
('2021-06-04 18:43:25', '26', '0.7', '500'),
('2021-06-04 18:43:28', '26', '0.7', '500'),
('2021-06-04 18:43:30', '26', '0.7', '500'),
('2021-06-04 18:43:33', '26', '0.7', '500'),
('2021-06-04 18:43:36', '26', '0.7', '500'),
('2021-06-04 18:43:38', '26', '0.7', '500'),
('2021-06-04 18:43:41', '26', '0.7', '500'),
('2021-06-04 18:43:44', '26', '0.7', '500'),
('2021-06-04 18:43:46', '26', '0.7', '500'),
('2021-06-04 18:43:49', '26', '0.7', '500'),
('2021-06-04 18:43:51', '26', '0.7', '500'),
('2021-06-04 18:43:54', '26', '0.7', '500'),
('2021-06-04 18:43:57', '26', '0.7', '500'),
('2021-06-04 18:43:59', '26', '0.7', '500'),
('2021-06-04 18:44:02', '26', '0.7', '500'),
('2021-06-04 18:44:04', '26', '0.7', '500'),
('2021-06-04 18:44:07', '26', '0.7', '500'),
('2021-06-04 18:44:10', '26', '0.7', '500'),
('2021-06-04 18:44:12', '26', '0.7', '500'),
('2021-06-04 18:44:15', '26', '0.7', '500'),
('2021-06-04 18:44:17', '26', '0.7', '500'),
('2021-06-04 18:44:20', '26', '0.7', '500'),
('2021-06-04 18:44:23', '26', '0.7', '500'),
('2021-06-04 18:44:25', '26', '0.7', '500'),
('2021-06-04 18:44:28', '26', '0.7', '500'),
('2021-06-04 18:44:31', '26', '0.7', '500'),
('2021-06-04 18:44:33', '26', '0.7', '500'),
('2021-06-04 18:44:36', '26', '0.7', '500'),
('2021-06-04 18:44:38', '26', '0.7', '500'),
('2021-06-04 18:44:41', '26', '0.7', '500'),
('2021-06-04 18:44:44', '26', '0.7', '500'),
('2021-06-04 18:44:46', '26', '0.7', '500'),
('2021-06-04 18:44:49', '26', '0.7', '500'),
('2021-06-04 18:44:51', '26', '0.7', '500'),
('2021-06-04 18:44:54', '26', '0.7', '500'),
('2021-06-04 18:44:57', '26', '0.7', '500'),
('2021-06-04 18:44:59', '26', '0.7', '500'),
('2021-06-04 18:45:02', '26', '0.7', '500'),
('2021-06-04 18:45:05', '26', '0.7', '500'),
('2021-06-04 18:45:07', '26', '0.7', '500'),
('2021-06-04 18:45:10', '26', '0.7', '500'),
('2021-06-04 18:45:12', '26', '0.7', '500'),
('2021-06-04 18:45:15', '26', '0.7', '500'),
('2021-06-04 18:45:18', '26', '0.7', '500'),
('2021-06-04 18:45:20', '26', '0.7', '500'),
('2021-06-04 18:45:23', '26', '0.7', '500'),
('2021-06-04 18:45:25', '26', '0.7', '500'),
('2021-06-04 18:45:28', '26', '0.7', '500'),
('2021-06-04 18:45:31', '26', '0.7', '500'),
('2021-06-04 18:45:33', '26', '0.7', '500'),
('2021-06-04 18:45:36', '26', '0.7', '500'),
('2021-06-04 18:45:39', '26', '0.7', '500'),
('2021-06-04 18:45:41', '26', '0.7', '500'),
('2021-06-04 18:45:44', '26', '0.7', '500'),
('2021-06-04 18:45:46', '26', '0.7', '500'),
('2021-06-04 18:45:49', '26', '0.7', '500'),
('2021-06-04 18:45:52', '26', '0.7', '500'),
('2021-06-04 18:45:55', '26', '0.7', '500'),
('2021-06-04 18:45:57', '26', '0.7', '500'),
('2021-06-04 18:46:00', '26', '0.7', '500'),
('2021-06-04 18:46:03', '26', '0.7', '500'),
('2021-06-04 18:46:05', '26', '0.7', '500'),
('2021-06-04 18:46:08', '26', '0.7', '500'),
('2021-06-04 18:46:10', '26', '0.7', '500'),
('2021-06-04 18:46:13', '26', '0.7', '500'),
('2021-06-04 18:46:15', '26', '0.7', '500'),
('2021-06-04 18:46:18', '26', '0.7', '500'),
('2021-06-04 18:46:21', '26', '0.7', '500'),
('2021-06-04 18:46:23', '26', '0.7', '500'),
('2021-06-04 18:46:26', '26', '0.7', '500'),
('2021-06-04 18:46:29', '26', '0.7', '500'),
('2021-06-04 18:46:31', '26', '0.7', '500'),
('2021-06-04 18:46:34', '26', '0.7', '500'),
('2021-06-04 18:46:37', '26', '0.7', '500'),
('2021-06-04 18:46:39', '26', '0.7', '500'),
('2021-06-04 18:46:42', '26', '0.7', '500'),
('2021-06-04 18:46:44', '26', '0.7', '500'),
('2021-06-04 18:46:48', '26', '0.7', '500'),
('2021-06-04 18:46:51', '26', '0.7', '500'),
('2021-06-04 18:46:53', '26', '0.7', '500'),
('2021-06-04 18:46:56', '26', '0.7', '500'),
('2021-06-04 18:46:58', '26', '0.7', '500'),
('2021-06-04 18:47:01', '26', '0.7', '500'),
('2021-06-04 18:47:04', '26', '0.7', '500'),
('2021-06-04 18:47:06', '26', '0.7', '500'),
('2021-06-04 18:47:09', '26', '0.7', '500'),
('2021-06-04 18:47:12', '26', '0.7', '500'),
('2021-06-04 18:47:14', '26', '0.7', '500'),
('2021-06-04 18:47:17', '26', '0.7', '500'),
('2021-06-04 18:47:21', '26', '0.7', '500'),
('2021-06-04 18:47:23', '26', '0.7', '500'),
('2021-06-04 18:47:26', '26', '0.7', '500'),
('2021-06-04 18:47:29', '26', '0.7', '500'),
('2021-06-04 18:47:32', '26', '0.7', '500'),
('2021-06-04 18:47:34', '26', '0.7', '500'),
('2021-06-04 18:47:37', '26', '0.7', '500'),
('2021-06-04 18:47:39', '26', '0.7', '500'),
('2021-06-04 18:47:42', '26', '0.7', '500'),
('2021-06-04 18:47:45', '26', '0.7', '500'),
('2021-06-04 18:47:48', '26', '0.7', '500'),
('2021-06-04 18:47:50', '26', '0.7', '500'),
('2021-06-04 18:47:53', '26', '0.7', '500'),
('2021-06-04 18:47:55', '26', '0.7', '500'),
('2021-06-04 18:47:58', '26', '0.7', '500'),
('2021-06-04 18:48:01', '26', '0.7', '500'),
('2021-06-04 18:48:03', '26', '0.7', '500'),
('2021-06-04 18:48:06', '26', '0.7', '500'),
('2021-06-04 18:48:08', '26', '0.7', '500'),
('2021-06-04 18:48:11', '26', '0.7', '500'),
('2021-06-04 18:48:14', '26', '0.7', '500'),
('2021-06-04 18:48:16', '26', '0.7', '500');
INSERT INTO `ar` (`time`, `Temp`, `ph`, `level`) VALUES
('2021-06-04 18:48:19', '26', '0.7', '500'),
('2021-06-04 18:48:21', '26', '0.7', '500'),
('2021-06-04 18:48:24', '26', '0.7', '500'),
('2021-06-04 18:48:27', '26', '0.7', '500'),
('2021-06-04 18:48:29', '26', '0.7', '500'),
('2021-06-04 18:48:32', '26', '0.7', '500'),
('2021-06-04 18:48:34', '26', '0.7', '500'),
('2021-06-04 18:48:37', '26', '0.7', '500'),
('2021-06-04 18:48:40', '26', '0.7', '500'),
('2021-06-04 18:48:42', '26', '0.7', '500'),
('2021-06-04 18:48:45', '26', '0.7', '500'),
('2021-06-04 18:48:47', '26', '0.7', '500'),
('2021-06-04 18:48:50', '26', '0.7', '500'),
('2021-06-04 18:48:53', '26', '0.7', '500'),
('2021-06-04 18:48:55', '26', '0.7', '500'),
('2021-06-04 18:48:58', '26', '0.7', '500'),
('2021-06-04 18:49:00', '26', '0.7', '500'),
('2021-06-04 18:49:03', '26', '0.7', '500'),
('2021-06-04 18:49:05', '26', '0.7', '500'),
('2021-06-04 18:49:08', '26', '0.7', '500'),
('2021-06-04 18:49:11', '26', '0.7', '500'),
('2021-06-04 18:49:13', '26', '0.7', '500'),
('2021-06-04 18:49:16', '26', '0.7', '500'),
('2021-06-04 18:49:18', '26', '0.7', '500'),
('2021-06-04 18:49:21', '26', '0.7', '500'),
('2021-06-04 18:49:24', '26', '0.7', '500'),
('2021-06-04 18:49:26', '26', '0.7', '500'),
('2021-06-04 18:49:29', '26', '0.7', '500'),
('2021-06-04 18:49:31', '26', '0.7', '500'),
('2021-06-04 18:49:34', '26', '0.7', '500'),
('2021-06-04 18:49:36', '26', '0.7', '500'),
('2021-06-04 18:49:39', '26', '0.7', '500'),
('2021-06-04 18:49:42', '26', '0.7', '500'),
('2021-06-04 18:49:44', '26', '0.7', '500'),
('2021-06-04 18:49:47', '26', '0.7', '500'),
('2021-06-04 18:49:49', '26', '0.7', '500'),
('2021-06-04 18:49:52', '26', '0.7', '500'),
('2021-06-04 18:49:55', '26', '0.7', '500'),
('2021-06-04 18:49:57', '26', '0.7', '500'),
('2021-06-04 18:50:00', '26', '0.7', '500'),
('2021-06-04 18:50:02', '26', '0.7', '500'),
('2021-06-04 18:50:05', '26', '0.7', '500'),
('2021-06-04 18:50:08', '26', '0.7', '500'),
('2021-06-04 18:50:10', '26', '0.7', '500'),
('2021-06-04 18:50:13', '26', '0.7', '500'),
('2021-06-04 18:50:15', '26', '0.7', '500'),
('2021-06-04 18:50:18', '26', '0.7', '500'),
('2021-06-04 18:50:20', '26', '0.7', '500'),
('2021-06-04 18:50:23', '26', '0.7', '500'),
('2021-06-04 18:50:26', '26', '0.7', '500'),
('2021-06-04 18:50:28', '26', '0.7', '500'),
('2021-06-04 18:50:31', '26', '0.7', '500'),
('2021-06-04 18:50:34', '26', '0.7', '500'),
('2021-06-04 18:50:36', '26', '0.7', '500'),
('2021-06-04 18:50:39', '26', '0.7', '500'),
('2021-06-04 18:50:41', '26', '0.7', '500'),
('2021-06-04 18:50:44', '26', '0.7', '500'),
('2021-06-04 18:50:46', '26', '0.7', '500'),
('2021-06-04 18:50:49', '26', '0.7', '500'),
('2021-06-04 18:50:52', '26', '0.7', '500'),
('2021-06-04 18:50:54', '26', '0.7', '500'),
('2021-06-04 18:50:57', '26', '0.7', '500'),
('2021-06-04 18:50:59', '26', '0.7', '500'),
('2021-06-04 18:51:02', '26', '0.7', '500'),
('2021-06-04 18:51:05', '26', '0.7', '500'),
('2021-06-04 18:51:07', '26', '0.7', '500'),
('2021-06-04 18:51:10', '26', '0.7', '500'),
('2021-06-04 18:51:12', '26', '0.7', '500'),
('2021-06-04 18:51:15', '26', '0.7', '500'),
('2021-06-04 18:51:18', '26', '0.7', '500'),
('2021-06-04 18:51:20', '26', '0.7', '500'),
('2021-06-04 18:51:23', '26', '0.7', '500'),
('2021-06-04 18:51:25', '26', '0.7', '500'),
('2021-06-04 18:51:28', '26', '0.7', '500'),
('2021-06-04 18:51:30', '26', '0.7', '500'),
('2021-06-04 18:51:33', '26', '0.7', '500'),
('2021-06-04 18:51:36', '26', '0.7', '500'),
('2021-06-04 18:51:38', '26', '0.7', '500'),
('2021-06-04 18:51:41', '26', '0.7', '500'),
('2021-06-04 18:51:43', '26', '0.7', '500'),
('2021-06-04 18:51:46', '26', '0.7', '500'),
('2021-06-04 18:51:49', '26', '0.7', '500'),
('2021-06-04 18:51:51', '26', '0.7', '500'),
('2021-06-04 18:51:54', '26', '0.7', '500'),
('2021-06-04 18:51:56', '26', '0.7', '500'),
('2021-06-04 18:51:59', '26', '0.7', '500'),
('2021-06-04 18:52:02', '26', '0.7', '500'),
('2021-06-04 18:52:04', '26', '0.7', '500'),
('2021-06-04 18:52:07', '26', '0.7', '500'),
('2021-06-04 18:52:09', '26', '0.7', '500'),
('2021-06-04 18:52:12', '26', '0.7', '500'),
('2021-06-04 18:52:15', '26', '0.7', '500'),
('2021-06-04 18:52:17', '26', '0.7', '500'),
('2021-06-04 18:52:20', '26', '0.7', '500'),
('2021-06-04 18:52:22', '26', '0.7', '500'),
('2021-06-04 18:52:26', '26', '0.7', '500'),
('2021-06-04 18:52:28', '26', '0.7', '500'),
('2021-06-04 18:52:31', '26', '0.7', '500'),
('2021-06-04 18:52:33', '26', '0.7', '500'),
('2021-06-04 18:52:36', '26', '0.7', '500'),
('2021-06-04 18:52:39', '26', '0.7', '500'),
('2021-06-04 18:52:41', '26', '0.7', '500'),
('2021-06-04 18:52:44', '26', '0.7', '500'),
('2021-06-04 18:52:46', '26', '0.7', '500'),
('2021-06-04 18:52:49', '26', '0.7', '500'),
('2021-06-04 18:52:52', '26', '0.7', '500'),
('2021-06-04 18:52:54', '26', '0.7', '500'),
('2021-06-04 18:52:58', '26', '0.7', '500'),
('2021-06-04 18:53:00', '26', '0.7', '500'),
('2021-06-04 18:53:03', '26', '0.7', '500'),
('2021-06-04 18:53:05', '26', '0.7', '500'),
('2021-06-04 18:53:08', '26', '0.7', '500'),
('2021-06-04 18:53:11', '26', '0.7', '500'),
('2021-06-04 18:53:13', '26', '0.7', '500'),
('2021-06-04 18:53:16', '26', '0.7', '500'),
('2021-06-04 18:53:18', '26', '0.7', '500'),
('2021-06-04 18:53:21', '26', '0.7', '500'),
('2021-06-04 18:53:24', '26', '0.7', '500'),
('2021-06-04 18:53:26', '26', '0.7', '500'),
('2021-06-04 18:53:29', '26', '0.7', '500'),
('2021-06-04 18:53:31', '26', '0.7', '500'),
('2021-06-04 18:53:40', '26', '0.7', '500'),
('2021-06-04 18:53:49', '26', '0.7', '500'),
('2021-06-04 18:53:52', '26', '0.7', '500'),
('2021-06-04 18:53:54', '26', '0.7', '500'),
('2021-06-04 18:53:57', '26', '0.7', '500'),
('2021-06-04 18:53:59', '26', '0.7', '500'),
('2021-06-04 18:54:02', '26', '0.7', '500'),
('2021-06-04 18:54:04', '26', '0.7', '500'),
('2021-06-04 18:54:07', '26', '0.7', '500'),
('2021-06-04 18:54:10', '26', '0.7', '500'),
('2021-06-04 18:54:12', '26', '0.7', '500'),
('2021-06-04 18:54:15', '26', '0.7', '500'),
('2021-06-04 18:54:17', '26', '0.7', '500'),
('2021-06-04 18:54:20', '26', '0.7', '500'),
('2021-06-04 18:54:23', '26', '0.7', '500'),
('2021-06-04 18:54:25', '26', '0.7', '500'),
('2021-06-04 18:54:28', '26', '0.7', '500'),
('2021-06-04 18:54:31', '26', '0.7', '500'),
('2021-06-04 18:54:33', '26', '0.7', '500'),
('2021-06-04 18:54:36', '26', '0.7', '500'),
('2021-06-04 18:54:38', '26', '0.7', '500'),
('2021-06-04 18:54:41', '26', '0.7', '500'),
('2021-06-04 18:54:44', '26', '0.7', '500'),
('2021-06-04 18:54:46', '26', '0.7', '500'),
('2021-06-04 18:54:49', '26', '0.7', '500'),
('2021-06-04 18:54:51', '26', '0.7', '500'),
('2021-06-04 18:54:54', '26', '0.7', '500'),
('2021-06-04 18:54:57', '26', '0.7', '500'),
('2021-06-04 18:54:59', '26', '0.7', '500'),
('2021-06-04 18:55:02', '26', '0.7', '500'),
('2021-06-04 18:55:04', '26', '0.7', '500'),
('2021-06-04 18:55:07', '26', '0.7', '500'),
('2021-06-04 18:55:10', '26', '0.7', '500'),
('2021-06-04 18:55:13', '26', '0.7', '500'),
('2021-06-04 18:55:15', '26', '0.7', '500'),
('2021-06-04 18:55:18', '26', '0.7', '500'),
('2021-06-04 18:55:21', '26', '0.7', '500'),
('2021-06-04 18:55:23', '26', '0.7', '500'),
('2021-06-04 18:55:26', '26', '0.7', '500'),
('2021-06-04 18:55:28', '26', '0.7', '500'),
('2021-06-04 18:55:31', '26', '0.7', '500'),
('2021-06-04 18:55:34', '26', '0.7', '500'),
('2021-06-04 18:55:36', '26', '0.7', '500'),
('2021-06-04 18:55:39', '26', '0.7', '500'),
('2021-06-04 18:55:43', '26', '0.7', '500'),
('2021-06-04 18:55:45', '26', '0.7', '500'),
('2021-06-04 18:55:48', '26', '0.7', '500'),
('2021-06-04 18:55:51', '26', '0.7', '500'),
('2021-06-04 18:55:53', '26', '0.7', '500'),
('2021-06-04 18:55:56', '26', '0.7', '500'),
('2021-06-04 18:55:58', '26', '0.7', '500'),
('2021-06-04 18:56:01', '26', '0.7', '500'),
('2021-06-04 18:56:05', '26', '0.7', '500'),
('2021-06-04 18:56:07', '26', '0.7', '500'),
('2021-06-04 18:56:10', '26', '0.7', '500'),
('2021-06-04 18:56:13', '26', '0.7', '500'),
('2021-06-04 18:56:15', '26', '0.7', '500'),
('2021-06-04 18:56:18', '26', '0.7', '500'),
('2021-06-04 18:56:21', '26', '0.7', '500'),
('2021-06-04 18:56:23', '26', '0.7', '500'),
('2021-06-04 18:56:26', '26', '0.7', '500'),
('2021-06-04 18:56:28', '26', '0.7', '500'),
('2021-06-04 18:56:31', '26', '0.7', '500'),
('2021-06-04 18:56:33', '26', '0.7', '500'),
('2021-06-04 18:56:42', '26', '0.7', '500'),
('2021-06-04 18:56:51', '26', '0.7', '500'),
('2021-06-04 18:56:53', '26', '0.7', '500'),
('2021-06-04 18:56:56', '26', '0.7', '500'),
('2021-06-04 18:56:58', '26', '0.7', '500'),
('2021-06-04 18:57:02', '26', '0.7', '500'),
('2021-06-04 18:57:04', '26', '0.7', '500'),
('2021-06-04 18:57:07', '26', '0.7', '500'),
('2021-06-04 18:57:10', '26', '0.7', '500'),
('2021-06-04 18:57:12', '26', '0.7', '500'),
('2021-06-04 18:57:15', '26', '0.7', '500'),
('2021-06-04 18:57:17', '26', '0.7', '500'),
('2021-06-04 18:57:20', '26', '0.7', '500'),
('2021-06-04 18:57:22', '26', '0.7', '500'),
('2021-06-04 18:57:25', '26', '0.7', '500'),
('2021-06-04 18:57:28', '26', '0.7', '500'),
('2021-06-04 18:57:30', '26', '0.7', '500'),
('2021-06-04 18:57:33', '26', '0.7', '500'),
('2021-06-04 18:57:35', '26', '0.7', '500'),
('2021-06-04 18:57:38', '26', '0.7', '500'),
('2021-06-04 18:57:41', '26', '0.7', '500'),
('2021-06-04 18:57:43', '26', '0.7', '500'),
('2021-06-04 18:57:46', '26', '0.7', '500'),
('2021-06-04 18:57:48', '26', '0.7', '500'),
('2021-06-04 18:57:51', '26', '0.7', '500'),
('2021-06-04 18:57:54', '26', '0.7', '500'),
('2021-06-04 18:57:56', '26', '0.7', '500'),
('2021-06-04 18:57:59', '26', '0.7', '500'),
('2021-06-04 18:58:01', '26', '0.7', '500'),
('2021-06-04 18:58:04', '26', '0.7', '500'),
('2021-06-04 18:58:07', '26', '0.7', '500'),
('2021-06-04 18:58:09', '26', '0.7', '500'),
('2021-06-04 18:58:13', '26', '0.7', '500'),
('2021-06-04 18:58:15', '26', '0.7', '500'),
('2021-06-04 18:58:18', '26', '0.7', '500'),
('2021-06-04 18:58:21', '26', '0.7', '500'),
('2021-06-04 18:58:23', '26', '0.7', '500'),
('2021-06-04 18:58:27', '26', '0.7', '500'),
('2021-06-04 18:58:29', '26', '0.7', '500'),
('2021-06-04 18:58:32', '26', '0.7', '500'),
('2021-06-04 18:58:41', '26', '0.7', '500'),
('2021-06-04 18:58:49', '26', '0.7', '500'),
('2021-06-04 18:58:52', '26', '0.7', '500'),
('2021-06-04 18:58:54', '26', '0.7', '500'),
('2021-06-04 18:58:57', '26', '0.7', '500'),
('2021-06-04 18:59:00', '26', '0.7', '500'),
('2021-06-04 18:59:08', '26', '0.7', '500'),
('2021-06-04 18:59:17', '26', '0.7', '500'),
('2021-06-04 18:59:20', '26', '0.7', '500'),
('2021-06-04 18:59:22', '26', '0.7', '500'),
('2021-06-04 18:59:25', '26', '0.7', '500'),
('2021-06-04 18:59:28', '26', '0.7', '500'),
('2021-06-04 18:59:30', '26', '0.7', '500'),
('2021-06-04 18:59:33', '26', '0.7', '500'),
('2021-06-04 18:59:35', '26', '0.7', '500'),
('2021-06-04 18:59:38', '26', '0.7', '500'),
('2021-06-04 18:59:41', '26', '0.7', '500'),
('2021-06-04 18:59:43', '26', '0.7', '500'),
('2021-06-04 18:59:46', '26', '0.7', '500'),
('2021-06-04 18:59:48', '26', '0.7', '500'),
('2021-06-04 18:59:51', '26', '0.7', '500'),
('2021-06-04 18:59:54', '26', '0.7', '500'),
('2021-06-04 18:59:56', '26', '0.7', '500'),
('2021-06-04 18:59:59', '26', '0.7', '500'),
('2021-06-04 19:00:01', '26', '0.7', '500'),
('2021-06-04 19:00:04', '26', '0.7', '500'),
('2021-06-04 19:00:06', '26', '0.7', '500'),
('2021-06-04 19:00:09', '26', '0.7', '500'),
('2021-06-04 19:00:12', '26', '0.7', '500'),
('2021-06-04 19:00:14', '26', '0.7', '500'),
('2021-06-04 19:00:17', '26', '0.7', '500'),
('2021-06-04 19:00:19', '26', '0.7', '500'),
('2021-06-04 19:00:22', '26', '0.7', '500'),
('2021-06-04 19:00:25', '26', '0.7', '500'),
('2021-06-04 19:00:27', '26', '0.7', '500'),
('2021-06-04 19:00:30', '26', '0.7', '500'),
('2021-06-04 19:00:33', '26', '0.7', '500'),
('2021-06-04 19:00:35', '26', '0.7', '500'),
('2021-06-04 19:00:38', '26', '0.7', '500'),
('2021-06-04 19:00:40', '26', '0.7', '500'),
('2021-06-04 19:00:44', '26', '0.7', '500'),
('2021-06-04 19:00:46', '26', '0.7', '500'),
('2021-06-04 19:00:49', '26', '0.7', '500'),
('2021-06-04 19:00:51', '26', '0.7', '500'),
('2021-06-04 19:00:54', '26', '0.7', '500'),
('2021-06-04 19:00:57', '26', '0.7', '500'),
('2021-06-04 19:00:59', '26', '0.7', '500'),
('2021-06-04 19:01:02', '26', '0.7', '500'),
('2021-06-04 19:01:04', '26', '0.7', '500'),
('2021-06-04 19:01:07', '26', '0.7', '500'),
('2021-06-04 19:01:10', '26', '0.7', '500'),
('2021-06-04 19:01:12', '26', '0.7', '500'),
('2021-06-04 19:01:15', '26', '0.7', '500'),
('2021-06-04 19:01:17', '26', '0.7', '500'),
('2021-06-04 19:01:21', '26', '0.7', '500'),
('2021-06-04 19:01:23', '26', '0.7', '500'),
('2021-06-04 19:01:26', '26', '0.7', '500'),
('2021-06-04 19:01:29', '26', '0.7', '500'),
('2021-06-04 19:01:31', '26', '0.7', '500'),
('2021-06-04 19:01:34', '26', '0.7', '500'),
('2021-06-04 19:01:36', '26', '0.7', '500'),
('2021-06-04 19:01:39', '26', '0.7', '500'),
('2021-06-04 19:01:42', '26', '0.7', '500'),
('2021-06-04 19:01:44', '26', '0.7', '500'),
('2021-06-04 19:01:47', '26', '0.7', '500'),
('2021-06-04 19:01:49', '26', '0.7', '500'),
('2021-06-04 19:01:52', '26', '0.7', '500'),
('2021-06-04 19:01:55', '26', '0.7', '500'),
('2021-06-04 19:01:57', '26', '0.7', '500'),
('2021-06-04 19:02:00', '26', '0.7', '500'),
('2021-06-04 19:02:02', '26', '0.7', '500'),
('2021-06-04 19:02:05', '26', '0.7', '500'),
('2021-06-04 19:02:08', '26', '0.7', '500'),
('2021-06-04 19:02:12', '26', '0.7', '500'),
('2021-06-04 19:02:14', '26', '0.7', '500'),
('2021-06-04 19:02:17', '26', '0.7', '500'),
('2021-06-04 19:02:19', '26', '0.7', '500'),
('2021-06-04 19:02:22', '26', '0.7', '500'),
('2021-06-04 19:02:25', '26', '0.7', '500'),
('2021-06-04 19:02:27', '26', '0.7', '500'),
('2021-06-04 19:02:30', '26', '0.7', '500'),
('2021-06-04 19:02:32', '26', '0.7', '500'),
('2021-06-04 19:02:35', '26', '0.7', '500'),
('2021-06-04 19:02:38', '26', '0.7', '500'),
('2021-06-04 19:02:40', '26', '0.7', '500'),
('2021-06-04 19:02:43', '26', '0.7', '500'),
('2021-06-04 19:02:45', '26', '0.7', '500'),
('2021-06-04 19:02:48', '26', '0.7', '500'),
('2021-06-04 19:02:50', '26', '0.7', '500'),
('2021-06-04 19:02:53', '26', '0.7', '500'),
('2021-06-04 19:02:56', '26', '0.7', '500'),
('2021-06-04 19:02:58', '26', '0.7', '500'),
('2021-06-04 19:03:01', '26', '0.7', '500'),
('2021-06-04 19:03:03', '26', '0.7', '500'),
('2021-06-04 19:03:06', '26', '0.7', '500'),
('2021-06-04 19:03:09', '26', '0.7', '500'),
('2021-06-04 19:03:11', '26', '0.7', '500'),
('2021-06-04 19:03:14', '26', '0.7', '500'),
('2021-06-04 19:03:16', '26', '0.7', '500'),
('2021-06-04 19:03:19', '26', '0.7', '500'),
('2021-06-04 19:03:22', '26', '0.7', '500'),
('2021-06-04 19:03:24', '26', '0.7', '500'),
('2021-06-04 19:03:27', '26', '0.7', '500'),
('2021-06-04 19:03:29', '26', '0.7', '500'),
('2021-06-04 19:03:32', '26', '0.7', '500'),
('2021-06-04 19:03:34', '26', '0.7', '500'),
('2021-06-04 19:03:37', '26', '0.7', '500'),
('2021-06-04 19:03:40', '26', '0.7', '500'),
('2021-06-04 19:03:42', '26', '0.7', '500'),
('2021-06-04 19:03:45', '26', '0.7', '500'),
('2021-06-04 19:03:47', '26', '0.7', '500'),
('2021-06-04 19:03:50', '26', '0.7', '500'),
('2021-06-04 19:03:53', '26', '0.7', '500'),
('2021-06-04 19:03:56', '26', '0.7', '500'),
('2021-06-04 19:03:59', '26', '0.7', '500'),
('2021-06-04 19:04:01', '26', '0.7', '500'),
('2021-06-04 19:04:04', '26', '0.7', '500'),
('2021-06-04 19:04:06', '26', '0.7', '500'),
('2021-06-04 19:04:09', '26', '0.7', '500'),
('2021-06-04 19:04:12', '26', '0.7', '500'),
('2021-06-04 19:04:14', '26', '0.7', '500'),
('2021-06-04 19:04:17', '26', '0.7', '500'),
('2021-06-04 19:04:20', '26', '0.7', '500'),
('2021-06-04 19:04:22', '26', '0.7', '500'),
('2021-06-04 19:04:25', '26', '0.7', '500'),
('2021-06-04 19:04:27', '26', '0.7', '500'),
('2021-06-04 19:04:30', '26', '0.7', '500'),
('2021-06-04 19:04:33', '26', '0.7', '500'),
('2021-06-04 19:04:35', '26', '0.7', '500'),
('2021-06-04 19:04:38', '26', '0.7', '500'),
('2021-06-04 19:04:40', '26', '0.7', '500'),
('2021-06-04 19:04:43', '26', '0.7', '500'),
('2021-06-04 19:04:45', '26', '0.7', '500');

-- --------------------------------------------------------

--
-- מבנה טבלה עבור טבלה `ard`
--

CREATE TABLE `ard` (
  `time` datetime NOT NULL DEFAULT current_timestamp(),
  `Temp` varchar(5) NOT NULL,
  `ph` varchar(5) NOT NULL,
  `level` varchar(5) NOT NULL
) ENGINE=InnoDB DEFAULT CHARSET=latin1;

--
-- הוצאת מידע עבור טבלה `ard`
--

INSERT INTO `ard` (`time`, `Temp`, `ph`, `level`) VALUES
('2021-09-17 17:10:17', '26', '6.05', '510'),
('2021-09-17 17:12:18', '25', '6.38', '548'),
('2021-09-17 17:14:19', '23', '6.40', '527'),
('2021-09-17 17:16:20', '23', '5.89', '507'),
('2021-09-17 17:18:21', '24', '5.96', '509'),
('2021-09-17 17:20:22', '25', '6.35', '502'),
('2021-09-17 17:22:25', '26', '7.60', '529'),
('2021-09-17 17:24:18', '24', '7.16', '546'),
('2021-09-17 17:28:09', '25', '6.37', '512'),
('2021-09-17 17:28:44', '26', '7.36', '506'),
('2021-09-17 17:34:48', '25', '5.09', '518'),
('2021-09-17 17:51:29', '26', '6.78', '500'),
('2021-09-17 17:54:22', '24', '7.63', '502'),
('2021-09-17 17:54:41', '23', '6.99', '514'),
('2021-09-17 17:56:42', '25', '7.83', '507'),
('2021-09-17 17:58:55', '23', '7.16', '535'),
('2021-09-17 17:59:36', '23', '7.01', '537'),
('2021-09-17 18:02:37', '25', '5.26', '536'),
('2021-09-17 18:05:38', '25', '5.95', '519'),
('2021-09-17 18:09:26', '23', '7.64', '502'),
('2021-09-17 18:13:29', '26', '7.46', '529'),
('2021-09-17 18:16:03', '23', '5.78', '500'),
('2021-09-17 18:20:04', '24', '6.84', '549'),
('2021-09-17 18:24:05', '23', '7.43', '523'),
('2021-09-17 18:28:06', '25', '6.39', '545'),
('2021-09-17 18:32:07', '25', '5.35', '511'),
('2021-09-17 18:36:08', '25', '6.59', '507'),
('2021-09-17 18:40:09', '24', '6.50', '544'),
('2021-09-17 18:44:10', '23', '5.39', '534'),
('2021-09-17 18:48:11', '24', '5.71', '524'),
('2021-09-17 18:52:12', '23', '5.07', '500'),
('2021-09-17 18:56:13', '26', '7.26', '549'),
('2021-09-17 19:00:14', '23', '5.73', '531'),
('2021-09-17 19:04:15', '25', '5.61', '527'),
('2021-09-17 19:08:16', '24', '7.61', '522'),
('2021-09-17 19:12:17', '26', '7.92', '538'),
('2021-09-17 19:16:18', '24', '6.13', '507'),
('2021-09-17 19:20:19', '26', '5.48', '503'),
('2021-09-17 19:24:20', '26', '5.82', '532'),
('2021-09-17 19:28:21', '24', '7.76', '535'),
('2021-09-17 19:32:22', '25', '7.52', '502'),
('2021-09-17 19:36:23', '23', '7.47', '528'),
('2021-09-17 19:40:24', '25', '6.97', '536'),
('2021-09-17 19:44:25', '26', '5.93', '535'),
('2021-09-18 10:20:55', '24', '7.24', '527'),
('2021-09-18 10:24:56', '24', '6.26', '526'),
('2021-09-18 10:28:58', '23', '5.10', '535'),
('2021-09-18 10:32:59', '24', '7.98', '546'),
('2021-09-18 10:37:00', '25', '6.74', '537'),
('2021-09-18 10:41:01', '25', '5.61', '542'),
('2021-09-18 10:45:02', '26', '7.81', '510'),
('2021-09-18 10:49:03', '26', '5.74', '505'),
('2021-09-18 10:53:04', '25', '7.73', '528'),
('2021-09-18 10:57:05', '25', '5.21', '543'),
('2021-09-18 11:01:06', '25', '7.30', '542'),
('2021-09-18 11:05:07', '23', '5.18', '502'),
('2021-09-18 11:09:08', '26', '7.20', '545'),
('2021-09-18 11:13:09', '23', '5.20', '542'),
('2021-09-18 11:17:10', '24', '5.54', '506'),
('2021-09-18 11:21:11', '25', '5.25', '545'),
('2021-09-18 11:25:12', '26', '5.57', '505'),
('2021-09-18 11:29:13', '25', '7.82', '507'),
('2021-09-18 11:33:14', '25', '5.21', '501'),
('2021-09-18 11:37:15', '26', '7.40', '520'),
('2021-09-18 11:41:16', '26', '5.86', '524'),
('2021-09-18 11:45:17', '23', '7.67', '530'),
('2021-09-18 11:49:19', '23', '6.23', '525'),
('2021-09-18 11:53:20', '26', '7.41', '512'),
('2021-09-18 11:57:21', '24', '6.78', '549'),
('2021-09-18 12:01:22', '24', '5.44', '535'),
('2021-09-18 12:05:23', '24', '5.88', '547'),
('2021-09-18 12:09:24', '24', '5.25', '549'),
('2021-09-18 12:13:25', '24', '5.24', '502'),
('2021-09-18 12:52:14', '25', '6.86', '501'),
('2021-09-18 12:56:15', '25', '5.37', '524'),
('2021-09-18 13:00:16', '23', '5.84', '534'),
('2021-09-18 13:04:17', '26', '7.42', '537'),
('2021-09-18 13:08:18', '25', '6.49', '510'),
('2021-09-18 13:12:19', '26', '6.69', '527'),
('2021-09-18 13:16:20', '26', '5.49', '507'),
('2021-09-18 13:20:21', '26', '7.86', '519'),
('2021-09-18 13:24:22', '23', '6.75', '543'),
('2021-09-18 13:28:23', '23', '7.01', '523'),
('2021-09-18 13:32:24', '23', '7.89', '502'),
('2021-09-18 13:36:25', '23', '7.90', '524'),
('2021-09-18 13:40:26', '25', '5.73', '509'),
('2021-09-18 13:44:27', '25', '7.80', '518'),
('2021-09-18 13:48:28', '26', '5.36', '544'),
('2021-09-18 13:52:29', '23', '7.77', '541'),
('2021-09-18 13:56:30', '23', '6.45', '533'),
('2021-09-18 14:00:31', '24', '7.76', '513'),
('2021-09-18 14:04:32', '23', '6.93', '523'),
('2021-09-18 14:08:33', '23', '6.04', '541'),
('2021-09-18 14:12:34', '24', '7.83', '528'),
('2021-09-26 11:37:46', '24', '6.75', '537'),
('2021-09-26 11:38:42', '25', '5.15', '521'),
('2021-09-26 11:42:44', '24', '6.28', '508'),
('2021-09-26 11:46:45', '25', '7.58', '544'),
('2021-09-26 11:50:46', '25', '6.88', '545'),
('2021-09-26 11:54:47', '25', '7.37', '539'),
('2021-09-26 11:57:48', '24', '7.59', '542'),
('2021-09-26 12:00:49', '23', '5.37', '503'),
('2021-09-26 12:03:50', '24', '7.16', '508'),
('2021-09-26 12:06:51', '26', '6.72', '512'),
('2021-09-26 12:09:52', '25', '6.32', '535'),
('2021-09-26 12:12:53', '26', '5.01', '505'),
('2021-09-26 12:15:54', '23', '5.47', '521'),
('2021-09-26 12:18:55', '26', '7.46', '537');

-- --------------------------------------------------------

--
-- מבנה טבלה עבור טבלה `ddd`
--

CREATE TABLE `ddd` (
  `time` datetime NOT NULL DEFAULT current_timestamp(),
  `Temp` varchar(5) NOT NULL,
  `ph` varchar(5) NOT NULL,
  `level` varchar(5) NOT NULL
) ENGINE=InnoDB DEFAULT CHARSET=utf8;

--
-- הוצאת מידע עבור טבלה `ddd`
--

INSERT INTO `ddd` (`time`, `Temp`, `ph`, `level`) VALUES
('2020-10-27 15:10:09', '23', '7.5', '500'),
('2020-10-27 15:10:31', '23', '7.4', '510'),
('2020-10-27 15:10:48', '24', '7.3', '500'),
('2020-11-09 14:08:43', '24', '7.5', '500'),
('2020-11-09 14:08:55', '25', '7.4', '505'),
('2020-11-09 14:09:07', '26', '7.3', '510'),
('2020-11-09 14:09:11', '26', '7.3', '510'),
('2020-11-09 14:09:20', '25', '7.4', '505'),
('2020-11-09 14:10:36', '24', '7.5', '510'),
('2020-11-09 14:10:54', '25', '7.4', '505'),
('2020-11-09 14:11:12', '26', '7.3', '500'),
('2020-11-09 14:11:27', '27', '7.2', '490'),
('2020-11-09 14:11:51', '26', '7.1', '500');

-- --------------------------------------------------------

--
-- מבנה טבלה עבור טבלה `test`
--

CREATE TABLE `test` (
  `time` datetime NOT NULL DEFAULT current_timestamp(),
  `Temp` varchar(5) NOT NULL,
  `ph` varchar(5) NOT NULL,
  `level` varchar(5) NOT NULL
) ENGINE=InnoDB DEFAULT CHARSET=latin1;

--
-- הוצאת מידע עבור טבלה `test`
--

INSERT INTO `test` (`time`, `Temp`, `ph`, `level`) VALUES
('2021-09-13 10:37:10', '25', '6.99', '531'),
('2021-09-13 10:38:01', '24', '6.25', '500'),
('2021-09-13 12:38:54', '23', '6.98', '502'),
('2021-09-13 12:39:45', '25', '7.73', '535'),
('2021-09-16 17:11:04', '24', '6.01', '521'),
('2021-09-16 17:11:05', '23', '7.50', '518'),
('2021-09-16 17:11:06', '24', '7.49', '546'),
('2021-09-16 17:11:07', '24', '6.25', '527'),
('2021-09-16 17:11:08', '25', '7.32', '513'),
('2021-09-16 17:11:09', '26', '6.55', '519'),
('2021-09-16 17:11:10', '24', '7.62', '541'),
('2021-09-16 17:11:11', '23', '5.46', '544'),
('2021-09-16 17:11:12', '25', '5.82', '541'),
('2021-09-16 17:11:13', '26', '5.90', '534'),
('2021-09-16 17:11:15', '25', '7.45', '516'),
('2021-09-16 17:11:16', '25', '5.70', '509'),
('2021-09-16 17:11:17', '25', '6.23', '530'),
('2021-09-16 17:11:18', '25', '5.12', '507'),
('2021-09-16 17:11:19', '26', '6.72', '510'),
('2021-09-16 17:11:20', '26', '5.17', '519'),
('2021-09-16 17:11:21', '26', '7.37', '535'),
('2021-09-16 17:11:22', '25', '5.38', '521'),
('2021-09-16 17:11:23', '23', '5.95', '527'),
('2021-09-16 17:11:24', '25', '6.69', '527'),
('2021-09-16 17:11:25', '40', '6.39', '518'),
('2021-09-16 17:11:26', '23', '6.97', '540'),
('2021-09-16 17:11:27', '26', '7.53', '522'),
('2021-09-16 17:11:28', '23', '7.74', '512'),
('2021-09-16 17:11:29', '25', '7.74', '500'),
('2021-09-16 17:11:30', '26', '5.53', '514'),
('2021-09-16 17:11:31', '25', '7.11', '546'),
('2021-09-16 17:11:32', '26', '6.85', '543'),
('2021-09-16 17:11:33', '26', '5.09', '524'),
('2021-09-16 17:11:34', '23', '6.40', '530'),
('2021-09-16 17:11:35', '25', '5.47', '504'),
('2021-09-16 17:11:36', '24', '5.45', '514'),
('2021-09-16 17:11:37', '25', '6.48', '537'),
('2021-09-16 17:11:38', '25', '7.85', '509'),
('2021-09-16 17:11:42', '23', '5.30', '526'),
('2021-09-16 17:11:43', '25', '6.50', '547'),
('2021-09-16 17:11:44', '25', '5.39', '522'),
('2021-09-16 17:11:45', '25', '6.29', '508'),
('2021-09-16 17:11:46', '24', '7.71', '547'),
('2021-09-16 17:11:47', '26', '6.47', '522'),
('2021-09-16 17:11:48', '24', '7.89', '509'),
('2021-09-16 17:11:49', '25', '5.33', '511'),
('2021-09-16 17:11:50', '25', '7.18', '549'),
('2021-09-16 17:11:51', '25', '5.71', '537'),
('2021-09-16 17:11:52', '26', '5.28', '516'),
('2021-09-16 17:11:53', '23', '5.29', '514'),
('2021-09-16 17:11:54', '26', '5.38', '528'),
('2021-09-16 17:11:55', '25', '6.88', '527'),
('2021-09-16 17:11:56', '26', '6.32', '521'),
('2021-09-16 17:11:57', '24', '5.76', '507'),
('2021-09-16 17:11:58', '26', '6.66', '512'),
('2021-09-16 17:11:59', '26', '6.69', '505'),
('2021-09-16 17:12:00', '24', '6.67', '539'),
('2021-09-16 17:12:01', '26', '6.01', '521'),
('2021-09-16 17:12:02', '26', '6.55', '530'),
('2021-09-16 17:12:03', '23', '5.91', '536'),
('2021-09-16 17:12:04', '23', '6.73', '536'),
('2021-09-16 17:12:05', '25', '7.83', '518'),
('2021-09-16 17:12:06', '25', '5.66', '531'),
('2021-09-16 17:12:07', '25', '5.78', '529'),
('2021-09-16 17:12:08', '25', '7.92', '507'),
('2021-09-16 17:12:09', '24', '6.65', '515'),
('2021-09-16 17:12:10', '23', '6.80', '514'),
('2021-09-16 17:12:11', '24', '5.18', '548'),
('2021-09-16 17:12:12', '24', '5.94', '511'),
('2021-09-16 17:17:20', '23', '7.51', '523'),
('2021-09-16 17:17:21', '25', '5.10', '548'),
('2021-09-16 17:17:22', '25', '5.71', '523'),
('2021-09-16 17:17:23', '23', '6.80', '525'),
('2021-09-16 17:17:24', '26', '5.73', '542'),
('2021-09-16 17:17:25', '26', '7.85', '531'),
('2021-09-16 17:17:26', '26', '7.93', '535'),
('2021-09-16 17:17:27', '23', '7.49', '525'),
('2021-09-16 17:17:28', '25', '7.55', '515'),
('2021-09-16 17:17:29', '26', '6.63', '548'),
('2021-09-16 17:17:49', '23', '5.73', '544'),
('2021-09-16 17:17:50', '26', '6.73', '529'),
('2021-09-16 17:17:51', '23', '6.81', '512'),
('2021-09-16 17:17:52', '23', '5.61', '525'),
('2021-09-16 17:17:55', '23', '5.03', '512'),
('2021-09-16 17:17:56', '23', '6.70', '505'),
('2021-09-16 17:17:57', '24', '5.09', '549'),
('2021-09-16 17:17:58', '23', '7.46', '536'),
('2021-09-16 17:17:59', '26', '6.26', '500'),
('2021-09-16 17:18:00', '23', '5.46', '508'),
('2021-09-16 17:18:01', '23', '5.75', '525'),
('2021-09-16 17:18:02', '23', '6.82', '501'),
('2021-09-16 17:18:03', '25', '5.38', '505'),
('2021-09-16 17:18:04', '26', '5.58', '527'),
('2021-09-16 17:18:05', '25', '7.83', '543'),
('2021-09-16 17:18:06', '24', '6.86', '539'),
('2021-09-16 17:18:07', '24', '7.71', '535'),
('2021-09-16 17:18:08', '25', '7.48', '539'),
('2021-09-16 17:18:09', '23', '6.87', '540'),
('2021-09-16 17:18:10', '24', '7.30', '549'),
('2021-09-16 17:18:11', '26', '7.08', '535'),
('2021-09-16 17:18:12', '23', '5.62', '518'),
('2021-09-16 17:18:14', '26', '6.72', '513'),
('2021-09-16 17:18:15', '23', '6.42', '539'),
('2021-09-16 17:18:16', '23', '6.21', '549'),
('2021-09-16 17:18:17', '24', '7.20', '509'),
('2021-09-16 17:18:18', '25', '5.27', '516'),
('2021-09-16 17:18:19', '25', '5.77', '519'),
('2021-09-16 17:18:20', '25', '6.15', '512'),
('2021-09-16 17:18:21', '26', '7.80', '534'),
('2021-09-16 17:18:22', '26', '7.75', '539'),
('2021-09-16 17:18:23', '26', '6.25', '546'),
('2021-09-16 17:18:25', '23', '7.74', '541'),
('2021-09-16 17:18:27', '24', '5.15', '541'),
('2021-09-16 17:18:29', '26', '6.41', '507'),
('2021-09-16 17:18:30', '26', '5.12', '542'),
('2021-09-16 17:18:31', '25', '5.91', '542'),
('2021-09-16 17:18:32', '26', '6.07', '538'),
('2021-09-16 17:18:33', '25', '5.83', '526'),
('2021-09-16 17:18:34', '26', '5.18', '537'),
('2021-09-16 17:18:35', '23', '7.20', '504'),
('2021-09-16 17:18:36', '25', '6.86', '545'),
('2021-09-16 17:18:37', '23', '5.06', '539'),
('2021-09-16 17:18:38', '23', '5.20', '526'),
('2021-09-16 17:18:39', '24', '6.88', '538'),
('2021-09-16 17:18:40', '26', '5.80', '518'),
('2021-09-16 17:18:41', '24', '6.83', '519'),
('2021-09-16 17:18:42', '26', '6.88', '541'),
('2021-09-16 17:18:43', '24', '7.72', '528'),
('2021-09-16 17:18:44', '26', '7.85', '532'),
('2021-09-16 17:18:45', '25', '6.25', '543'),
('2021-09-16 17:18:46', '24', '6.04', '540'),
('2021-09-16 17:18:47', '23', '6.24', '522'),
('2021-09-16 17:18:48', '24', '6.73', '541'),
('2021-09-16 17:18:49', '23', '5.13', '520'),
('2021-09-16 17:18:50', '23', '6.55', '505'),
('2021-09-16 17:18:51', '25', '6.29', '535'),
('2021-09-16 17:18:52', '25', '7.53', '545'),
('2021-09-16 17:18:53', '24', '5.80', '502'),
('2021-09-16 17:18:54', '25', '5.30', '524'),
('2021-09-16 17:18:55', '25', '7.61', '534'),
('2021-09-16 17:18:56', '25', '6.71', '533'),
('2021-09-16 17:18:57', '26', '7.33', '508'),
('2021-09-16 17:18:58', '24', '5.63', '519'),
('2021-09-16 20:55:55', '24', '5.89', '509'),
('2021-09-16 20:56:56', '26', '5.47', '506'),
('2021-09-17 17:03:01', '25', '6.17', '542'),
('2021-09-17 17:04:02', '25', '6.39', '523'),
('2021-09-17 17:05:03', '24', '6.45', '527'),
('2021-09-17 17:06:04', '23', '6.31', '538'),
('2021-09-17 17:07:05', '23', '7.86', '501'),
('2021-09-17 17:08:06', '26', '5.05', '516'),
('2021-09-17 17:09:07', '26', '5.28', '505');

-- --------------------------------------------------------

--
-- מבנה טבלה עבור טבלה `userpass`
--

CREATE TABLE `userpass` (
  `username` varchar(30) NOT NULL,
  `password` varchar(255) NOT NULL,
  `firstName` varchar(32) NOT NULL,
  `lastName` varchar(32) NOT NULL,
  `email` varchar(50) NOT NULL,
  `tempHigh` varchar(5) NOT NULL,
  `tempLow` varchar(5) NOT NULL,
  `phHigh` varchar(5) NOT NULL,
  `phLow` varchar(5) NOT NULL,
  `pullingCycle` int(11) DEFAULT NULL,
  `feedAlert` varchar(13) NOT NULL
) ENGINE=InnoDB DEFAULT CHARSET=utf8;

--
-- הוצאת מידע עבור טבלה `userpass`
--

INSERT INTO `userpass` (`username`, `password`, `firstName`, `lastName`, `email`, `tempHigh`, `tempLow`, `phHigh`, `phLow`, `pullingCycle`, `feedAlert`) VALUES
('aa', '$2y$10$IzVgOTLz4Kk.RsTcxNEX1utGPlQ2gmeCYq/E5ne3ePArFCUp/WoJW', 'aa', 'aa', 'aa@aa', '25', '24', '7.5', '7.2', NULL, ''),
('alex', '$2y$10$Ng6Xrlbw.DqYnMxnfjMNWeUXRLBzM8K290SnoXATr0o3mpglKiETa', 'FU', 'alexC', 'dds', '25', '23', '7.5', '6.5', NULL, '19-06-2021 1'),
('aqua', '$2y$10$x6yBTjwcwnyKFIHIk3AVwOy2MG4m.nCWCVlsPTTydWJjNQNjb80eW', 'AquaUser', 'AquaUser', 'qq@s.s', '25', '23', '7.5', '6.5', NULL, '13-09-2021 2'),
('ar', '$2y$10$d.w2ybHXCjxWCB/0D.8i/OkPvYMvdCdIuUtiQriWcYTa5WxZEnG1S', 'Ar', 'ar', 'ar@ar.com', '25', '23', '7.5', '6.5', NULL, '04-06-202'),
('ard', '$2y$10$66AkhyUCpUGogW/B2c65JOkgk14hunZ731Dyd69ywe65XbTxs2bKe', 'Alexey', 'Masyuk', 'Alexey@email.com', '25', '23', '7.5', '6.5', 240000, '21-06-2021 2'),
('ddd', '$2y$10$9s7Ewk9FI8NbbrMTjUDYfejPmkK.9oJJntpAbeUI5dItQCGa97K42', 'ddd', 'ddd', 'ddd@asd', '25', '23', '7.5', '6.5', NULL, ''),
('test', '$2y$10$V2vfFTf.5u5Qd6gAXuvWVOsnCqjq20AnCpEb9Rej8ej.B4Y71nEhO', 'qqwwee', 'asdddd', 'qq@s.s', '25', '23', '7.5', '6.5', 60000, '16-09-2021 2'),
('ww', '$2y$10$Pk8XR0pBGyVY0ZhVkH5sK.WamkG.06eCurraCmaWOwSbmiQjuLkWq', 'ww', 'ww', 'ww@ww', '25', '23', '7.5', '6.5', NULL, ''),
('www', '$2y$10$7celV2F7ioH5T9.eVfGF1eXqSwQOXQdWW23qLoZSoQkVE1wW/Iqpq', 'ww', 'ww', 'qq@s.s', '25', '23', '7.5', '6.5', NULL, '13-09-2021 2'),
('yulia', '$2y$10$gKDHk8VzecYMI37Jga3mEeZBPB86E.KsDyJcwBOMgP4aTKfzMskIO', 'yulia', 'yulia', 'yulia@yulia', '25', '', '8', '', NULL, ''),
('zzz', '$2y$10$vfdW05lrUiYYAVFS5T.QVuoBoP15O0eyRDEE4tJwzAH/cTEJE.xAW', 'ffff', 'ffff', 'qq@s.s', '', '', '', '', NULL, '');

-- --------------------------------------------------------

--
-- מבנה טבלה עבור טבלה `ww`
--

CREATE TABLE `ww` (
  `time` datetime NOT NULL DEFAULT current_timestamp(),
  `tempT` varchar(5) NOT NULL,
  `ph` varchar(5) NOT NULL,
  `level` varchar(5) NOT NULL
) ENGINE=InnoDB DEFAULT CHARSET=utf8;

-- --------------------------------------------------------

--
-- מבנה טבלה עבור טבלה `www`
--

CREATE TABLE `www` (
  `time` datetime NOT NULL DEFAULT current_timestamp(),
  `Temp` varchar(5) NOT NULL,
  `ph` varchar(5) NOT NULL,
  `level` varchar(5) NOT NULL
) ENGINE=InnoDB DEFAULT CHARSET=latin1;

--
-- הוצאת מידע עבור טבלה `www`
--

INSERT INTO `www` (`time`, `Temp`, `ph`, `level`) VALUES
('2021-09-13 12:47:38', '23', '7.66', '508'),
('2021-09-13 12:48:38', '26', '5.49', '547'),
('2021-09-13 12:49:40', '25', '6.85', '537'),
('2021-09-13 12:50:31', '26', '6.69', '548'),
('2021-09-13 12:51:23', '26', '7.56', '508'),
('2021-09-13 12:52:15', '23', '7.73', '524'),
('2021-09-13 12:53:06', '26', '6.71', '527'),
('2021-09-13 12:53:57', '25', '6.72', '521'),
('2021-09-13 12:54:54', '25', '7.50', '541'),
('2021-09-13 12:55:47', '26', '5.28', '500'),
('2021-09-13 12:56:41', '23', '5.90', '539'),
('2021-09-13 12:57:33', '24', '5.58', '501'),
('2021-09-13 12:58:27', '25', '7.13', '519'),
('2021-09-13 12:59:19', '25', '5.50', '547'),
('2021-09-13 13:00:11', '24', '5.71', '509'),
('2021-09-13 13:01:02', '23', '5.20', '518'),
('2021-09-13 13:01:53', '26', '5.47', '516'),
('2021-09-13 13:02:45', '26', '6.45', '528'),
('2021-09-13 13:03:36', '24', '7.33', '502'),
('2021-09-13 13:04:27', '26', '7.42', '537'),
('2021-09-13 13:05:18', '24', '5.48', '508'),
('2021-09-13 13:06:09', '25', '6.95', '502'),
('2021-09-13 13:07:00', '23', '7.85', '549'),
('2021-09-13 13:07:51', '23', '5.86', '509'),
('2021-09-13 13:08:42', '26', '5.92', '539'),
('2021-09-13 13:09:33', '24', '6.48', '543'),
('2021-09-13 13:10:24', '24', '5.93', '539'),
('2021-09-13 13:11:19', '24', '7.07', '530'),
('2021-09-13 13:12:10', '25', '5.38', '536'),
('2021-09-13 13:13:01', '24', '5.89', '534'),
('2021-09-13 13:13:52', '25', '6.51', '515'),
('2021-09-13 13:14:43', '23', '5.41', '548'),
('2021-09-13 13:15:34', '25', '5.84', '531'),
('2021-09-13 13:16:25', '25', '7.67', '533'),
('2021-09-13 13:17:16', '25', '6.39', '516'),
('2021-09-13 13:18:07', '25', '6.33', '526'),
('2021-09-13 13:18:58', '26', '7.17', '533'),
('2021-09-13 13:19:49', '25', '5.07', '518'),
('2021-09-13 13:20:41', '26', '5.23', '536'),
('2021-09-13 13:21:32', '26', '6.46', '537'),
('2021-09-13 13:22:23', '26', '6.29', '522'),
('2021-09-13 13:23:14', '26', '6.82', '504'),
('2021-09-13 13:24:05', '26', '7.24', '526'),
('2021-09-13 13:24:56', '24', '6.91', '545'),
('2021-09-13 13:25:47', '24', '5.41', '503'),
('2021-09-13 13:26:38', '26', '7.32', '539'),
('2021-09-13 13:27:29', '23', '6.68', '504'),
('2021-09-13 13:28:20', '24', '7.77', '507'),
('2021-09-13 13:29:11', '25', '6.59', '527'),
('2021-09-13 13:30:02', '24', '5.70', '502'),
('2021-09-13 13:30:53', '23', '5.08', '544'),
('2021-09-13 13:31:44', '25', '6.01', '521'),
('2021-09-13 13:32:35', '24', '7.14', '525'),
('2021-09-13 13:33:26', '23', '7.61', '527'),
('2021-09-13 13:34:17', '24', '5.79', '519'),
('2021-09-13 13:35:08', '26', '6.41', '547'),
('2021-09-13 13:36:00', '24', '6.28', '501'),
('2021-09-13 13:36:51', '25', '7.96', '541'),
('2021-09-13 13:37:42', '26', '7.78', '541'),
('2021-09-13 13:38:33', '24', '6.77', '534'),
('2021-09-13 13:39:24', '26', '5.41', '528'),
('2021-09-13 13:40:15', '26', '5.80', '547'),
('2021-09-13 13:41:06', '25', '7.97', '509'),
('2021-09-13 13:41:57', '25', '7.95', '527'),
('2021-09-13 13:42:48', '26', '5.49', '507'),
('2021-09-13 13:43:39', '26', '7.33', '533'),
('2021-09-13 13:44:30', '24', '6.49', '514'),
('2021-09-13 13:45:21', '23', '5.53', '520'),
('2021-09-13 13:46:12', '25', '6.04', '521'),
('2021-09-13 13:47:03', '26', '7.58', '514'),
('2021-09-13 13:47:54', '26', '7.29', '506'),
('2021-09-13 13:48:45', '25', '7.39', '534'),
('2021-09-13 13:49:36', '25', '7.26', '535'),
('2021-09-13 13:50:27', '26', '6.43', '541'),
('2021-09-13 13:51:18', '23', '6.18', '518'),
('2021-09-13 13:52:09', '25', '5.25', '512'),
('2021-09-13 13:53:00', '23', '6.66', '549'),
('2021-09-13 13:53:51', '25', '5.11', '514'),
('2021-09-13 13:54:42', '25', '5.27', '524'),
('2021-09-13 13:55:33', '23', '6.08', '523'),
('2021-09-13 13:56:24', '26', '5.42', '529'),
('2021-09-13 13:57:15', '26', '7.06', '504'),
('2021-09-13 13:58:06', '25', '7.29', '549'),
('2021-09-13 13:58:57', '24', '7.20', '510'),
('2021-09-13 13:59:48', '24', '7.19', '515');

-- --------------------------------------------------------

--
-- מבנה טבלה עבור טבלה `yulia`
--

CREATE TABLE `yulia` (
  `time` datetime NOT NULL DEFAULT current_timestamp(),
  `Temp` varchar(5) NOT NULL,
  `ph` varchar(5) NOT NULL,
  `level` varchar(5) NOT NULL
) ENGINE=InnoDB DEFAULT CHARSET=utf8;

--
-- הוצאת מידע עבור טבלה `yulia`
--

INSERT INTO `yulia` (`time`, `Temp`, `ph`, `level`) VALUES
('2020-10-27 15:10:09', '23', '7.5', '500'),
('2020-10-27 15:10:31', '23', '7.4', '510'),
('2020-10-27 15:10:48', '24', '7.3', '500'),
('2020-11-09 14:08:43', '24', '7.5', '500'),
('2020-11-09 14:08:55', '25', '7.4', '505'),
('2020-11-09 14:09:07', '26', '7.3', '510'),
('2020-11-09 14:09:11', '26', '7.3', '510'),
('2020-11-09 14:09:20', '25', '7.4', '505'),
('2020-11-09 14:10:36', '24', '7.5', '510'),
('2020-11-09 14:10:54', '25', '7.4', '505'),
('2020-11-09 14:11:12', '26', '7.3', '500'),
('2020-11-09 14:11:27', '27', '7.2', '490'),
('2020-11-09 14:11:51', '26', '7.1', '500');

-- --------------------------------------------------------

--
-- מבנה טבלה עבור טבלה `zzz`
--

CREATE TABLE `zzz` (
  `time` datetime NOT NULL DEFAULT current_timestamp(),
  `Temp` varchar(5) NOT NULL,
  `ph` varchar(5) NOT NULL,
  `level` varchar(5) NOT NULL
) ENGINE=InnoDB DEFAULT CHARSET=latin1;

--
-- הוצאת מידע עבור טבלה `zzz`
--

INSERT INTO `zzz` (`time`, `Temp`, `ph`, `level`) VALUES
('2021-09-13 12:40:13', '24', '5.63', '534'),
('2021-09-13 12:41:04', '25', '7.72', '538'),
('2021-09-13 12:42:05', '25', '7.17', '526'),
('2021-09-13 12:42:56', '24', '5.66', '534'),
('2021-09-13 12:43:50', '25', '6.06', '503'),
('2021-09-13 12:44:41', '25', '5.52', '518'),
('2021-09-13 12:45:33', '26', '7.86', '500'),
('2021-09-13 12:46:38', '23', '6.84', '506');

--
-- Indexes for dumped tables
--

--
-- אינדקסים לטבלה `aa`
--
ALTER TABLE `aa`
  ADD PRIMARY KEY (`time`);

--
-- אינדקסים לטבלה `alex`
--
ALTER TABLE `alex`
  ADD PRIMARY KEY (`time`);

--
-- אינדקסים לטבלה `aqua`
--
ALTER TABLE `aqua`
  ADD PRIMARY KEY (`time`);

--
-- אינדקסים לטבלה `ar`
--
ALTER TABLE `ar`
  ADD PRIMARY KEY (`time`);

--
-- אינדקסים לטבלה `ard`
--
ALTER TABLE `ard`
  ADD PRIMARY KEY (`time`);

--
-- אינדקסים לטבלה `ddd`
--
ALTER TABLE `ddd`
  ADD PRIMARY KEY (`time`);

--
-- אינדקסים לטבלה `test`
--
ALTER TABLE `test`
  ADD PRIMARY KEY (`time`);

--
-- אינדקסים לטבלה `userpass`
--
ALTER TABLE `userpass`
  ADD UNIQUE KEY `un` (`username`);

--
-- אינדקסים לטבלה `ww`
--
ALTER TABLE `ww`
  ADD PRIMARY KEY (`time`);

--
-- אינדקסים לטבלה `www`
--
ALTER TABLE `www`
  ADD PRIMARY KEY (`time`);

--
-- אינדקסים לטבלה `yulia`
--
ALTER TABLE `yulia`
  ADD PRIMARY KEY (`time`);

--
-- אינדקסים לטבלה `zzz`
--
ALTER TABLE `zzz`
  ADD PRIMARY KEY (`time`);
COMMIT;

/*!40101 SET CHARACTER_SET_CLIENT=@OLD_CHARACTER_SET_CLIENT */;
/*!40101 SET CHARACTER_SET_RESULTS=@OLD_CHARACTER_SET_RESULTS */;
/*!40101 SET COLLATION_CONNECTION=@OLD_COLLATION_CONNECTION */;
